Id,Company,Bean Origin,Review Date,Cocoa Percent,Company Location,Rating
1,A. Morin,Agua Grande,2016,63%,France,3.75
2,A. Morin,Kpime,2015,70%,France,2.75
3,A. Morin,Atsane,2015,70%,France,3
4,A. Morin,Akata,2015,70%,France,3.5
5,A. Morin,Quilla,2015,70%,France,3.5
6,A. Morin,Carenero,,70%,France,2.75
7,A. Morin,Cuba,2014,70%,France,3.5
8,A. Morin,Sur del Lago,2014,70%,France,3.5
9,A. Morin,Puerto Cabello,2014,70%,France,3.75
10,A. Morin,Pablino,2014,70%,France,4
11,A. Morin,Panama,2013,70%,France,2.75
12,A. Morin,Madagascar,2013,70%,France,3
13,A. Morin,Brazil,2013,70%,France,3.25
14,A. Morin,Equateur,2013,70%,France,3.75
15,A. Morin,Colombie,2013,70%,France,2.75
16,A. Morin,Birmanie,2013,70%,France,3
17,A. Morin,Papua New Guinea,,70%,France,3.25
18,A. Morin,Chuao,2013,70%,France,4
19,A. Morin,Piura,2013,70%,France,3.25
20,A. Morin,Chanchamayo Province,2013,70%,France,3.5
21,A. Morin,Chanchamayo Province,2013,63%,France,4
22,A. Morin,Bolivia,2012,70%,France,3.5
23,A. Morin,Peru,2012,63%,France,3.75
24,Acalli,"Chulucanas, El Platanal",2015,70%,U.S.A.,3.75
25,Acalli,"Tumbes, Norandino",2015,70%,U.S.A.,3.75
26,Adi,Vanua Levu,2011,60%,Fiji,2.75
27,Adi,"Vanua Levu, Toto-A",2011,80%,Fiji,3.25
28,Adi,Vanua Levu,2011,88%,Fiji,3.5
29,Adi,"Vanua Levu, Ami-Ami-CA",2011,72%,Fiji,3.5
30,Aequare (Gianduja),"Los Rios, Quevedo, Arriba",2009,55%,Ecuador,2.75
31,Aequare (Gianduja),"Los Rios, Quevedo, Arriba",2009,70%,Ecuador,3
32,Ah Cacao,Tabasco,2009,70%,Mexico,3
33,Akesson's (Pralus),"Bali (west), Sukrama Family, Melaya area",2011,75%,Switzerland,3.75
34,Akesson's (Pralus),"Madagascar, Ambolikapiky P.",2010,75%,Switzerland,2.75
35,Akesson's (Pralus),"Monte Alegre, D. Badero",2010,75%,Switzerland,2.75
36,Alain Ducasse,Trinite,2014,65%,France,2.75
37,Alain Ducasse,Vietnam,2014,75%,France,2.75
38,Alain Ducasse,Madagascar,2014,75%,France,3
39,Alain Ducasse,Chuao,2013,75%,France,2.5
40,Alain Ducasse,"Piura, Perou",2013,75%,France,2.5
41,Alexandre,"Winak Coop, Napo",2017,70%,Netherlands,3.5
42,Alexandre,"La Dalia, Matagalpa",2017,70%,Netherlands,3.5
43,Alexandre,Tien Giang,2017,70%,Netherlands,3.5
44,Alexandre,"Makwale Village, Kyela",2017,70%,Netherlands,3.5
45,Altus aka Cao Artisan,Momotombo,2016,60%,U.S.A.,2.75
46,Altus aka Cao Artisan,Acopagro,2016,60%,U.S.A.,3
47,Altus aka Cao Artisan,CIAAB Coop,2016,60%,U.S.A.,2.5
48,Altus aka Cao Artisan,Villa Andina,2016,60%,U.S.A.,2.5
49,Altus aka Cao Artisan,Gruppo Salinas,2016,60%,U.S.A.,2.75
50,Altus aka Cao Artisan,Sur del Lago,2013,60%,U.S.A.,2.5
51,Altus aka Cao Artisan,Conacado,2013,60%,U.S.A.,3
52,Altus aka Cao Artisan,Bolivia,2013,80%,U.S.A.,3.25
53,Altus aka Cao Artisan,Bolivia,2013,60%,U.S.A.,3
54,Altus aka Cao Artisan,Peru,2013,60%,U.S.A.,3.25
55,Amano,Morobe,2011,70%,U.S.A.,4
56,Amano,Dos Rios,2010,70%,U.S.A.,3.75
57,Amano,Guayas,2010,70%,U.S.A.,4
58,Amano,Chuao,2010,70%,U.S.A.,3
59,Amano,Montanya,2009,70%,U.S.A.,3
60,Amano,"Bali, Jembrana",2008,70%,U.S.A.,2.75
61,Amano,Madagascar,2007,70%,U.S.A.,3.5
62,Amano,Cuyagua,2007,70%,U.S.A.,3
63,Amano,Ocumare,2007,70%,U.S.A.,3.75
64,Amatller (Simon Coll),Ghana,2009,70%,Spain,3
65,Amatller (Simon Coll),Ecuador,2009,70%,Spain,2.75
66,Amatller (Simon Coll),Ecuador,2009,85%,Spain,2.75
67,Amatller (Simon Coll),Ghana,2009,85%,Spain,3
68,Amazona,"LamasdelChanka, San Martin, Oro Verde coop",2013,72%,Peru,3.25
69,Amazona,"Bellavista Gran Pajeten, San Martin",2013,73%,Peru,3.5
70,Ambrosia,Belize,2015,64%,Canada,3
71,Ambrosia,Madagascar,2015,66%,Canada,3.25
72,Ambrosia,Dominican Republic,2015,75%,Canada,3.25
73,Ambrosia,Papua New Guinea,2015,63%,Canada,3.25
74,Ambrosia,Venezuela,2015,70%,Canada,3.25
75,Ambrosia,Peru,2015,68%,Canada,3.5
76,Amedei,"Piura, Blanco de Criollo",2012,70%,Italy,3.75
77,Amedei,Porcelana,2007,70%,Italy,4
78,Amedei,Nine,2007,75%,Italy,4
79,Amedei,Chuao,2007,70%,Italy,5
80,Amedei,Ecuador,2007,70%,Italy,3
81,Amedei,Jamaica,2007,70%,Italy,3
82,Amedei,Grenada,2007,70%,Italy,3.5
83,Amedei,Venezuela,2007,70%,Italy,3.75
84,Amedei,Madagascar,2007,70%,Italy,4
85,Amedei,Trinidad,2007,70%,Italy,3.5
86,Amedei,Toscano Black,2007,63%,Italy,3.5
87,Amedei,Toscano Black,2006,70%,Italy,5
88,Amedei,Toscano Black,2006,66%,Italy,4
89,AMMA,Catongo,2013,75%,Brazil,3.25
90,AMMA,"Monte Alegre, 3 diff. plantations",2010,85%,Brazil,2.75
91,AMMA,"Monte Alegre, 3 diff. plantations",2010,50%,Brazil,3.75
92,AMMA,"Monte Alegre, 3 diff. plantations",2010,75%,Brazil,3.75
93,AMMA,"Monte Alegre, 3 diff. plantations",2010,60%,Brazil,4
94,Anahata,Elvesia,2014,75%,U.S.A.,3
95,Animas,Alto Beni,2016,75%,U.S.A.,3.5
96,Ara,Madagascar,2014,75%,France,3
97,Ara,Chiapas,2014,72%,France,2.5
98,Ara,Equateur,2014,75%,France,2.75
99,Ara,Trincheras,2014,75%,France,3
100,Arete,San Juan,2016,70%,U.S.A.,3.5
101,Arete,Kokoa Kamili,2016,70%,U.S.A.,3.75
102,Arete,Tien Giang,2016,73%,U.S.A.,3.5
103,Arete,Hacienda Victoria,2016,70%,U.S.A.,3.25
104,Arete,Costa Esmeraldas,2016,70%,U.S.A.,3.25
105,Arete,Lachua,2016,70%,U.S.A.,3.5
106,Arete,Rugoso,2016,70%,U.S.A.,3.75
107,Arete,"La Masica, FHIA",2016,70%,U.S.A.,3.5
108,Arete,"Coto Brus, Terciopelo",2016,70%,U.S.A.,4
109,Arete,Phantom,2016,70%,U.S.A.,4
110,Arete,Elvesia,2016,70%,U.S.A.,3.75
111,Arete,Matasawalevu,2016,70%,U.S.A.,3.25
112,Arete,Lam Dong,2016,73%,U.S.A.,3.25
113,Arete,Fazenda Camboa,2015,70%,U.S.A.,3.5
114,Arete,Nacional,2015,68%,U.S.A.,3.5
115,Arete,"Puerto Quito, heirloom",2015,70%,U.S.A.,3.75
116,Arete,Oko Caribe,2015,70%,U.S.A.,3.5
117,Arete,Maya Mountain,2015,70%,U.S.A.,3.75
118,Arete,Chuno,2015,70%,U.S.A.,4
119,Arete,Fazenda Camboa,2015,75%,U.S.A.,2.75
120,Arete,Guatemala,2015,70%,U.S.A.,3.25
121,Arete,Camino Verde,2015,75%,U.S.A.,3.5
122,Artisan du Chocolat,"Trinidad, Heritage, Limited ed.",2013,72%,U.K.,3.25
123,Artisan du Chocolat,"Colombia, Casa Luker",2012,72%,U.K.,3.75
124,Artisan du Chocolat,Haiti,2011,72%,U.K.,4
125,Artisan du Chocolat,Panama,2011,72%,U.K.,2.75
126,Artisan du Chocolat,Venezuela,2010,100%,U.K.,1.75
127,Artisan du Chocolat,Jamaica,2010,72%,U.K.,3.75
128,Artisan du Chocolat,Costa Rica,2010,72%,U.K.,3.25
129,Artisan du Chocolat,Ba Ria Vung Tau Province,2010,72%,U.K.,3.25
130,Artisan du Chocolat,Bali,2010,72%,U.K.,3.5
131,Artisan du Chocolat,"Ocumare, Venezuela",2009,75%,U.K.,2.5
132,Artisan du Chocolat,Java,2009,72%,U.K.,2.75
133,Artisan du Chocolat,Brazil Rio Doce,2009,72%,U.K.,1.75
134,Artisan du Chocolat,Madagascar,2009,80%,U.K.,3
135,Artisan du Chocolat,Peru,2009,75%,U.K.,3
136,Artisan du Chocolat,Dominican Republic,2009,72%,U.K.,3.25
137,Artisan du Chocolat,Congo,2008,72%,U.K.,3.75
138,Artisan du Chocolat (Casa Luker),"Orinoqua Region, Arauca",2013,72%,U.K.,2.75
139,Askinosie,Mababa,2016,68%,U.S.A.,3.75
140,Askinosie,"Tenende, Uwate",2011,72%,U.S.A.,3.75
141,Askinosie,Cortes,2011,70%,U.S.A.,3.75
142,Askinosie,Davao,2009,77%,U.S.A.,3.75
143,Askinosie,Xoconusco,2007,75%,U.S.A.,2.5
144,Askinosie,San Jose del Tambo,2007,70%,U.S.A.,3
145,Bahen & Co.,Houseblend,2015,80%,Australia,3.25
146,Bahen & Co.,Papua New Guinea,2015,70%,Australia,3.5
147,Bahen & Co.,Sambirano,2012,70%,Australia,3
148,Bahen & Co.,Bahia,2012,70%,Australia,2.5
149,Bahen & Co.,Houseblend,2012,70%,Australia,2.5
150,Bakau,"Bambamarca, 2015",2015,70%,Peru,2.75
151,Bakau,"Huallabamba, 2015",2015,70%,Peru,3.5
152,Bar Au Chocolat,Bahia,2015,70%,U.S.A.,3.5
153,Bar Au Chocolat,Maranon Canyon,2014,70%,U.S.A.,4
154,Bar Au Chocolat,Duarte Province,2012,70%,U.S.A.,3.25
155,Bar Au Chocolat,Chiapas,2012,70%,U.S.A.,3.5
156,Bar Au Chocolat,Sambirano,2012,70%,U.S.A.,3.75
157,Baravelli's,single estate,2012,80%,Wales,2.75
158,Batch,"Dominican Republic, Batch 3",2016,65%,U.S.A.,3.5
159,Batch,Brazil,2016,70%,U.S.A.,3.75
160,Batch,Ecuador,2016,65%,U.S.A.,3.25
161,Beau Cacao,"Asajaya E, NW Borneo, b. #132/4500",2017,73%,U.K.,3
162,Beau Cacao,"Serian E., NW Borneo, b. #134/3800",2017,72%,U.K.,3.25
163,Beehive,"Brazil, Batch 20316",2016,80%,U.S.A.,2.75
164,Beehive,"Dominican Republic, Batch 31616",2016,70%,U.S.A.,2.75
165,Beehive,"Ecuador, Batch 31516",2016,70%,U.S.A.,2.75
166,Beehive,Ecuador,2016,90%,U.S.A.,2.75
167,Belcolade,Costa Rica,2010,64%,Belgium,2.75
168,Belcolade,Papua New Guinea,2010,64%,Belgium,2.75
169,Belcolade,Peru,2010,64%,Belgium,2.75
170,Belcolade,Ecuador,2010,71%,Belgium,3.5
171,Bellflower,"Kakao Kamili, Kilombero Valley",,70%,U.S.A.,3.5
172,Bellflower,"Alto Beni, Palos Blanco",2016,70%,U.S.A.,3.25
173,Bellflower,"Oko Caribe, Duarte P.",2016,70%,U.S.A.,3.5
174,Belyzium,"Belize south, low fermentation",2016,83%,Germany,2.75
175,Belyzium,Belize south,2016,78%,Germany,3
176,Belyzium,Belize south,2016,83%,Germany,3.5
177,Benoit Nihant,Baracoa,2013,74%,Belgium,3.5
178,Benoit Nihant,Chuao,2013,74%,Belgium,3.5
179,Benoit Nihant,Cuyagua Village,,74%,Belgium,3.5
180,Benoit Nihant,Rio Peripa H.,2013,73%,Belgium,4
181,Benoit Nihant,"Bali, Sukrama Bros. Farm, Melaya, 62hr C",2011,72%,Belgium,4
182,Benoit Nihant,"Somia Plantation, Sambirano, 70hr C",2011,72%,Belgium,3.75
183,Bernachon,Nature,2012,55%,France,2.75
184,Beschle (Felchlin),Madagascar,2011,64%,Switzerland,3
185,Beschle (Felchlin),Maracaibo,2011,88%,Switzerland,3
186,Beschle (Felchlin),"Indigena Amazonia, Grand Cru, Quizas",2011,72%,Switzerland,3.5
187,Beschle (Felchlin),Ecuador,2011,72%,Switzerland,4
188,Beschle (Felchlin),"Carenero S., Barlovento, Grand Cru",2010,70%,Switzerland,3.25
189,Beschle (Felchlin),"Porcelana, Premier Cru, Quizas No. 1",2010,74%,Switzerland,3.25
190,Beschle (Felchlin),"Java, Grand Cru",2010,64%,Switzerland,3.5
191,Beschle (Felchlin),"Ocumare, Premier Cru, Quizas No. 2",2010,72%,Switzerland,3.5
192,Bisou,"Nicaragua, American style",2015,76%,U.S.A.,2.5
193,Bisou,"San Andres, American style",2015,76%,U.S.A.,2.5
194,Bisou,"San Andres, silk",2015,78%,U.S.A.,2.5
195,Bisou,Belize,2015,86%,U.S.A.,3.25
196,Bittersweet Origins,Ghana,2012,72%,U.S.A.,3.5
197,Bittersweet Origins,"Bali, Singaraja",2010,75%,U.S.A.,3.25
198,Bittersweet Origins,2009 Hapa Nibby,2010,70%,U.S.A.,3.75
199,Bittersweet Origins,"Bali, Singaraja",2010,65%,U.S.A.,2.75
200,Bittersweet Origins,"Sambirano, 2009",2010,70%,U.S.A.,3
201,Bittersweet Origins,"Ocumare, prototype",2010,78%,U.S.A.,3
202,Bittersweet Origins,Puerto Plata,2009,75%,U.S.A.,3
203,Bittersweet Origins,Puerto Plata,2009,65%,U.S.A.,3.5
204,Bittersweet Origins,Sambirano,2009,75%,U.S.A.,3.25
205,Bittersweet Origins,Sambirano,2009,65%,U.S.A.,3.5
206,Bittersweet Origins,Sambirano,2008,71%,U.S.A.,3
207,Bittersweet Origins,Bocas del Toro,2008,75%,U.S.A.,3.5
208,Bittersweet Origins,Puerto Plata,2008,68%,U.S.A.,3.75
209,Bittersweet Origins,Ankasa,2008,70%,U.S.A.,3
210,Black Mountain,La Red,2008,70%,U.S.A.,2.75
211,Black Mountain,Carenero Superior,2008,70%,U.S.A.,2.75
212,Black Mountain,Matiguas,2008,70%,U.S.A.,3
213,Black River (A. Morin),Blue Mountain Region,2014,70%,U.K.,2.75
214,Blanxart,"Congo, Grand Cru",2013,82%,Spain,3.5
215,Blanxart,Organic Dark,2009,72%,Spain,2.75
216,Blue Bandana,"Akesson's E., Sambirano V.",2016,82%,U.S.A.,3.5
217,Blue Bandana,Lachua,2016,75%,U.S.A.,2.75
218,Blue Bandana,Kokoa Kamili,2016,75%,U.S.A.,3.5
219,Blue Bandana,Zorzal Reserva,2016,75%,U.S.A.,3
220,Blue Bandana,Guatemala,2012,70%,U.S.A.,3.5
221,Blue Bandana,Madagascar,2012,70%,U.S.A.,3.75
222,Bonnat,Selva Maya,2016,75%,France,3.5
223,Bonnat,Kaori,2014,75%,France,4
224,Bonnat,"Los Colorados, Santo Domingo, Equateur",2014,75%,France,3.25
225,Bonnat,Surfin,2014,65%,France,3.75
226,Bonnat,Maragnam,2013,75%,France,3.5
227,Bonnat,Gabon,2013,75%,France,3.25
228,Bonnat,Cuba,2011,75%,France,3.5
229,Bonnat,"Cusco, Cacao Cusco",2011,75%,France,3.5
230,Bonnat,Piura Blanco,2011,75%,France,3.5
231,Bonnat,Libanio,2011,75%,France,3.75
232,Bonnat,Haiti,2011,75%,France,4
233,Bonnat,"Madagascar, 100% criollo",2011,75%,France,4
234,Bonnat,Juliana,2011,75%,France,3.5
235,Bonnat,Jamaique,2011,75%,France,3.25
236,Bonnat,Ivory Coast,2009,75%,France,3
237,Bonnat,"Porcelana, Apotequil",2009,75%,France,2.75
238,Bonnat,"Porcelana, Tabasco, Marfil de Blanco",2009,75%,France,3
239,Bonnat,"Xoconusco, cacao Real",2009,75%,France,3
240,Bonnat,"Porcelana, Venezuela",2008,75%,France,4
241,Bonnat,Equateur,2007,75%,France,2.5
242,Bonnat,Trinite,2006,75%,France,3.75
243,Bonnat,"Ocumare, Puerto Cabello",2006,75%,France,4
244,Bonnat,"Maracaibo, El Rosario",2006,75%,France,4
245,Bonnat,Madagascar,2006,75%,France,4
246,Bonnat,One Hundred,2006,100%,France,1.5
247,Bonnat,Ceylan,2006,75%,France,3
248,Bonnat,Chuao,2006,75%,France,4
249,Bouga Cacao (Tulicorp),"El Oro, Hacienda de Oro",2009,77%,Ecuador,3.25
250,Bouga Cacao (Tulicorp),"El Oro, Hacienda de Oro",2009,100%,Ecuador,1.5
251,Bowler Man,Maya Mountain,2014,70%,U.S.A.,2.75
252,Bowler Man,Conacado,2014,70%,U.S.A.,2.75
253,Brasstown aka It's Chocolate,"Guasare, Zulia Prov.",2016,70%,U.S.A.,3.5
254,Brasstown aka It's Chocolate,"O'payo, Waslala",2016,70%,U.S.A.,3.75
255,Brasstown aka It's Chocolate,Conacado,2015,68%,U.S.A.,3.75
256,Brasstown aka It's Chocolate,Maya Mountain,2014,70%,U.S.A.,3.75
257,Brasstown aka It's Chocolate,Chuao,2014,70%,U.S.A.,4
258,Brasstown aka It's Chocolate,Cooproagro,2013,72%,U.S.A.,3
259,Brasstown aka It's Chocolate,"Camino Verde, Guayas",2013,70%,U.S.A.,3.25
260,Brasstown aka It's Chocolate,Ghana,2013,75%,U.S.A.,3.5
261,Brasstown aka It's Chocolate,"Chuao, Mantuano blend",2013,85%,U.S.A.,3.5
262,Brazen,Elvesia P.,2015,60%,U.S.A.,3
263,Brazen,Elvesia P.,2015,80%,U.S.A.,3.25
264,Brazen,"Alta Verapaz, 2014",2015,70%,U.S.A.,3.5
265,Brazen,Ambolikapiky P.,2015,80%,U.S.A.,2.75
266,Brazen,Maya Mountain,2015,80%,U.S.A.,3.25
267,Brazen,Ambolikapkly P.,2015,60%,U.S.A.,3.25
268,Breeze Mill,Jamaica,2013,70%,U.S.A.,3
269,Bright,Somia Plantation,2014,72%,Australia,3
270,Bright,Marabel Farms,2014,70%,Australia,3.5
271,Bright,"Camino Verde, Balao, Guayas",2014,72%,Australia,3.5
272,Bright,Gran Couva,2014,68%,Australia,2.75
273,Britarev,Ecuador,2015,70%,Russia,3.25
274,Bronx Grrl Chocolate,Dominican Republic,2013,68%,U.S.A.,2.75
275,Burnt Fork Bend,Trinidad,2014,72%,U.S.A.,3.25
276,Burnt Fork Bend,Mindo,2014,72%,U.S.A.,3.5
277,Burnt Fork Bend,Belize,2014,72%,U.S.A.,3.25
278,Burnt Fork Bend,Blend,2014,72%,U.S.A.,3.25
279,Burnt Fork Bend,"Ecuador, Bob Bar",2014,60%,U.S.A.,2.5
280,Cacao Arabuco,Puerto Rico,2015,70%,Puerto Rico,2.5
281,Cacao Atlanta,Tumbes,2014,75%,U.S.A.,2.5
282,Cacao Atlanta,"Dominican Republic, ""Love Bar""",2010,75%,U.S.A.,2.5
283,Cacao Atlanta,Dominican Republic w/ nibs,2010,75%,U.S.A.,2.75
284,Cacao Atlanta,Patanemo,2010,75%,U.S.A.,2.25
285,Cacao Barry,Grand 'Anse,2016,65%,France,3.5
286,Cacao Barry,Santo Domingo,2010,70%,France,3
287,Cacao Barry,Tanzania,2008,75%,France,2
288,Cacao Barry,Venezuela,2007,72%,France,2
289,Cacao Barry,Mexico,2007,66%,France,3
290,Cacao de Origen,Chuao,2015,77%,Venezuela,3.5
291,Cacao de Origen,Rio Caribe,2015,75%,Venezuela,3.25
292,Cacao de Origen,Agua Fria; Sucre region,2014,75%,Venezuela,2.5
293,Cacao de Origen,Macuare; Miranda; Chloe formula,2014,74%,Venezuela,3.25
294,Cacao de Origen,"Chuao, Aragua region",2014,75%,Venezuela,3.5
295,Cacao de Origen,"Chuao, Aragua region",2014,70%,Venezuela,3.75
296,Cacao de Origin,Hacienda la Trinidad,2015,74%,Venezuela,3.25
297,Cacao Hunters,Macondo,2016,71%,Colombia,3.75
298,Cacao Hunters,Perla Negra,2016,74%,Colombia,3.75
299,Cacao Hunters,Arhuacos,2015,72%,Colombia,3.75
300,Cacao Hunters,Sierra Nevada,2014,64%,Colombia,3.5
301,Cacao Hunters,Tumaco,2014,70%,Colombia,3.5
302,Cacao Hunters,"Boyaca, Aprocampa Coop, Pauna",2014,69%,Colombia,2.75
303,Cacao Hunters,Arauca,2014,70%,Colombia,3.25
304,Cacao Market,"Jutiapa, lot 050916D",2016,70%,U.S.A.,3.5
305,Cacao Prieto,"Criollo, Dominican Republic",2012,72%,U.S.A.,3.75
306,Cacao Prieto,"Dominican Republicm, rustic",2011,72%,U.S.A.,3
307,Cacao Prieto,Dominican Republic,2011,66%,U.S.A.,3.75
308,Cacao Prieto,"Dominican Republic, rustic",2011,65%,U.S.A.,3.25
309,Cacao Sampaka,"Mahali, Kasai",2016,70%,Spain,3.5
310,Cacao Sampaka,Madagascar,2010,71%,Spain,3.5
311,Cacao Sampaka,Ecuador,2010,71%,Spain,3.75
312,Cacao Sampaka,Papua,2010,71%,Spain,4
313,Cacao Sampaka,Grenada,2010,71%,Spain,3.25
314,Cacao Sampaka,Venezuela,2010,71%,Spain,3.5
315,Cacao Sampaka,Venezuela,2010,77%,Spain,3.5
316,Cacao Sampaka,"Porcelana, Tabasco, La Joya",2009,70%,Spain,4
317,Cacao Sampaka,"Xoconusco, Chiapas",2009,70%,Spain,4
318,Cacao Store,Madagascar,2015,70%,Japan,3
319,Cacao Store,Peru,2015,70%,Japan,3.25
320,Cacao Store,Vietnam,2015,70%,Japan,3.5
321,Cacaosuyo (Theobroma Inversiones),Piura,2013,70%,Peru,3.25
322,Cacaoyere (Ecuatoriana),Amazonia,2008,63%,Ecuador,3.5
323,Cacaoyere (Ecuatoriana),Esmeraldas,2008,71%,Ecuador,3.5
324,Cacaoyere (Ecuatoriana),Bolivar,2008,82%,Ecuador,2.5
325,Cacaoyere (Ecuatoriana),Pichincha,2008,91%,Ecuador,1.5
326,Callebaut,Grenade,2008,60%,Belgium,2.75
327,Callebaut,Baking,2007,70%,Belgium,1
328,C-Amaro,Cuba,2014,75%,Italy,2.5
329,C-Amaro,Dominican Republic,2014,72%,Italy,3
330,C-Amaro,"Lago di Como, Blu",2014,70%,Italy,3.5
331,C-Amaro,Ecuador,2013,100%,Italy,3.5
332,C-Amaro,Venezuela,2012,80%,Italy,3
333,C-Amaro,Sao Tome,2011,78%,Italy,2.25
334,C-Amaro,Trinidad,2011,70%,Italy,2.5
335,Cao,Porcelana,2016,75%,U.S.A.,2.5
336,Cao,Tanzania,2016,73%,U.S.A.,2.75
337,Cao,"Porcelana, Batch 5163",2016,70%,U.S.A.,3
338,Cao,Bolivia,2016,75%,U.S.A.,3
339,Cao,Brazil,2016,70%,U.S.A.,3.25
340,Caoni (Tulicorp),Esmeraldas,2008,77%,Ecuador,2
341,Caoni (Tulicorp),Manabi,2008,77%,Ecuador,2.5
342,Caoni (Tulicorp),Los Rios,2008,77%,Ecuador,2.75
343,Caoni (Tulicorp),Manabi,2008,55%,Ecuador,3
344,Caoni (Tulicorp),Los Rios,2008,55%,Ecuador,3.25
345,Caoni (Tulicorp),Esmeraldas,2008,55%,Ecuador,3.5
346,Captain Pembleton,"Saidor Estate, Madang P.",2014,70%,New Zealand,3.5
347,Captain Pembleton,Kulili Estate,2014,70%,New Zealand,3.75
348,Caribeans,"Antigua, Special Reserve",2015,72%,Costa Rica,3.5
349,Caribeans,"Talamanca, Raul-Kekoldo community",2015,72%,Costa Rica,3.25
350,Caribeans,Anselmo Paraiso Estate,2015,72%,Costa Rica,3.5
351,Caribeans,Costa Rica,2012,72%,Costa Rica,3
352,Caribeans,Costa Rica,2012,80%,Costa Rica,2.75
353,Carlotta Chocolat,Arauca,2016,65%,Colombia,3
354,Carlotta Chocolat,Tumaco,2016,65%,Colombia,3.25
355,Carlotta Chocolat,Cordoba,2016,65%,Colombia,3.25
356,Carlotta Chocolat,Huila,2016,65%,Colombia,3.5
357,Carlotta Chocolat,Cesar,2016,65%,Colombia,3.5
358,Castronovo,"Maya Mtn, Batch 454, Heirloom",2016,72%,U.S.A.,4
359,Castronovo,"the lost city, gracias a dias, batch 362",2015,72%,U.S.A.,3.5
360,Castronovo,"Duarte, Batch 360",2015,70%,U.S.A.,3.75
361,Castronovo,"Piaroa, Amazonas, Batch 350",2015,72%,U.S.A.,3.5
362,Castronovo,Sierra Nevada,2014,72%,U.S.A.,3.5
363,Castronovo,Arauca,2014,76%,U.S.A.,3.5
364,Castronovo,Elvesia P.,2014,70%,U.S.A.,2.75
365,Castronovo,Bolivia,2013,70%,U.S.A.,3
366,Castronovo,Conacado,2013,73%,U.S.A.,3.5
367,Castronovo,San Martin,2013,70%,U.S.A.,2.5
368,Castronovo,"Guaniamo, Amazonas",2013,70%,U.S.A.,3.25
369,Castronovo,Nicaragua,2013,72%,U.S.A.,3.25
370,Castronovo,Tumbes,2013,70%,U.S.A.,2.75
371,Castronovo,Guaniamo,2013,72%,U.S.A.,3
372,Cello,Ecuador,2014,70%,U.S.A.,2.5
373,Cello,Peru,2014,70%,U.S.A.,2.75
374,Cello,Venezuela,2014,70%,U.S.A.,2.75
375,Cello,Bolivia,2014,70%,U.S.A.,3
376,Cemoi,Equateur,2009,72%,France,2.75
377,Chaleur B,Uganda,2014,70%,Canada,2.75
378,Charm School,Maya Mtn,2016,70%,U.S.A.,3.25
379,Chchukululu (Tulicorp),Arriba,2010,55%,Ecuador,2.75
380,Chchukululu (Tulicorp),Los Rios,2008,75%,Ecuador,3
381,Chequessett,la Amistad,2014,70%,U.S.A.,3.5
382,Chloe Chocolat,Blend No. 1,2011,70%,France,3.5
383,Chocablog,Ecuador,2015,70%,U.K.,3.25
384,Choco Del Sol,Maya Mountain w/ nibs,2014,75%,Germany,3
385,Choco Del Sol,Maya Mountain,2014,82%,Germany,3.25
386,Choco Dong,"Mekong Delta, early 2014 Harvest",2015,70%,South Korea,2.75
387,Choco Dong,"Tawau, Oct. 2015 Harvest",2015,70%,South Korea,3.5
388,Chocolarder,Peru,2015,65%,U.K.,2.5
389,Chocolarder,Peru + nibs,2015,65%,U.K.,2.75
390,Chocolarder,Dominican Republic,2015,80%,U.K.,2.5
391,Chocola'te,Madagascar,2011,70%,U.S.A.,3.75
392,Chocola'te,Venezuela,2011,68%,U.S.A.,3.75
393,Chocolate Alchemist-Philly,"Tumbes, ""Zarumilla""",2016,90%,U.S.A.,2.5
394,Chocolate Alchemist-Philly,"Philly Blend, 5 plantations",2016,80%,U.S.A.,2.5
395,Chocolate Con Amor,Wild Bolivian,2016,70%,U.S.A.,2.5
396,Chocolate Con Amor,Uganda,2016,70%,U.S.A.,2.75
397,Chocolate Con Amor,Dominican Republic,2016,60%,U.S.A.,3
398,Chocolate Con Amor,Dominican Republic,2016,75%,U.S.A.,3
399,Chocolate Con Amor,Ocumare,2016,80%,U.S.A.,3
400,Chocolate Con Amor,Ecuador,2016,70%,U.S.A.,3.25
401,Chocolate Con Amor,Nicaragua,2016,80%,U.S.A.,2.75
402,Chocolate Conspiracy,Peru,2014,74%,U.S.A.,2.75
403,Chocolate Makers,Tres Hombres,2015,75%,Amsterdam,3.25
404,Chocolate Makers,"Congo, Gorilla bar",2015,68%,Amsterdam,3.5
405,Chocolate Makers,"Peru, Awagum bar",2015,80%,Amsterdam,3.75
406,"Chocolate Tree, The",Maranon,2015,69%,Scotland,3.75
407,"Chocolate Tree, The",Carenero Superior,2015,80%,Scotland,3.75
408,"Chocolate Tree, The",Peru,2013,70%,Scotland,3.75
409,"Chocolate Tree, The",Ecuador,2012,82%,Scotland,2.5
410,"Chocolate Tree, The",Peru,2012,68%,Scotland,2.75
411,"Chocolate Tree, The",Madagascar,2012,72%,Scotland,3.25
412,Chocolats Privilege,Xoconusco,2014,70%,Canada,2.5
413,ChocoReko,Patanemo,2015,77%,Japan,3
414,Chocosol,"Chiapas, Lacandon Jungle, Oaxacom Mtn",2011,65%,Canada,3.25
415,Chocovic,Xoconusco,2010,71%,Spain,3.25
416,Chocovic,Sambirano,2010,71%,Spain,3.5
417,Chocovic,Kendari,2009,60%,Spain,3.25
418,Chocovic,Tarakan,2009,75%,Spain,3.25
419,Chocovic,Ocumare,2008,71%,Spain,3.5
420,Chocovic,"Bolivar, Guaranda",2007,71%,Spain,2.5
421,Chocovic,Guyave,2007,71%,Spain,2.5
422,Chocovic,Maragda,2007,70%,Spain,3
423,Chocovivo,Tabasco,2015,65%,U.S.A.,2.5
424,Chocovivo,Tabasco,2015,75%,U.S.A.,2.5
425,Choklat,Ocumare,2009,80%,Canada,2.5
426,Choklat,"Porcelana, Tabasco",2009,70%,Canada,2.75
427,Choklat,Brazilian,2009,70%,Canada,3
428,Choklat,Brazilian,2009,80%,Canada,3
429,Choklat,Ocumare,2009,70%,Canada,3
430,Chokolat Elot (Girard),Guadeloupe,2013,42%,Martinique,2.75
431,Choocsol,"Chiapas, Lacandon Jungle, Oaxacom Mtn",2016,75%,Canada,3.25
432,Christopher Morel (Felchlin),"Maranon Canyon, Fortunato No. 4",2011,68%,Canada,3.75
433,Chuao Chocolatier,Choroni,2009,61%,U.S.A.,3
434,Chuao Chocolatier (Pralus),Chuao,2010,77%,U.S.A.,2.75
435,Claudio Corallo,Terreiro Velho P.,2010,73.50%,Sao Tome,3.75
436,Claudio Corallo,Terreiro Velho P. w/ sugar crystals,2008,80%,Sao Tome,3
437,Claudio Corallo,Terreiro Velho P.,2008,75%,Sao Tome,4
438,Claudio Corallo,Principe,2008,100%,Sao Tome,1
439,Cloudforest,"Camino Verde P., Balao, Guayas, 2014",2015,73%,U.S.A.,3.5
440,Coleman & Davis,Sambirano,2015,75%,U.S.A.,3
441,Compania de Chocolate (Salgado),Sur del Lago,2010,70%,Argentina,3.25
442,Compania de Chocolate (Salgado),Carenero Superior,2008,80%,Argentina,2.75
443,Compania de Chocolate (Salgado),Moxos,2008,72%,Argentina,3.25
444,Compania de Chocolate (Salgado),Ocumare,2008,70%,Argentina,3.75
445,Compania de Chocolate (Salgado),Esmeraldas,2008,88%,Argentina,2.75
446,Condor,Camino Verde,2015,76%,U.S.A.,3.5
447,Confluence,"Tien Giang, 2015, batch 10-2-16",2016,78%,U.S.A.,2.75
448,Coppeneur,"Ecuador, Puristique",2013,65%,Germany,3.25
449,Coppeneur,Ghana Puristique,2012,85%,Germany,3.5
450,Coppeneur,Ecuador Puristique,2012,100%,Germany,1.5
451,Coppeneur,Uba Budo,2012,72%,Germany,3.75
452,Coppeneur,Madagascar,2012,70%,Germany,3.5
453,Coppeneur,Grenada,2010,72%,Germany,3.25
454,Coppeneur,Chuao,2010,70%,Germany,3
455,Coppeneur,"Los Rios, H. Iara",2010,72%,Germany,2.5
456,Coppeneur,Trinidad,2010,72%,Germany,3
457,Coppeneur,Jamaica,2010,72%,Germany,3.25
458,Coppeneur,Ocumare 61,2010,72%,Germany,3.25
459,Coppeneur,"Porcelana, Apotequil",2009,72%,Germany,3
460,Coppeneur,"Porcelana, Apotequil",2009,62%,Germany,3.25
461,Coppeneur,Chuao 100hr,2009,70%,Germany,3.5
462,Coppeneur,Chuao 70hr,2009,70%,Germany,3.75
463,Coppeneur,"Porcelana, Tabasco, Mexico",2008,72%,Germany,3
464,Coppeneur,"Porcelana, Venezuela",2008,72%,Germany,3
465,Coppeneur,"Sambirano, Menava P.",2007,72%,Germany,3
466,Cote d' Or (Kraft),Sensations Intense,2006,70%,Belgium,1
467,Cravve,New Ireland,2014,70%,Australia,2.5
468,Cravve,"Vanuatu, batch 2410",2014,83%,Australia,2.75
469,Cravve,"Tanzania, batch a1",2012,75%,Australia,3.25
470,Cravve,"Bahia, batch a1213",2012,65%,Australia,3.25
471,Cravve,"Namau Village, N. Taileva P., batch a2812",2012,67%,Australia,3.25
472,Cravve,Vanuatu,2012,64%,Australia,3.25
473,Cravve,Djual Island,2012,75%,Australia,3.5
474,Creo,"""heirloom"", Arriba Nacional",2016,85%,U.S.A.,3.25
475,Creo,"""heirloom"", Arriba Nacional",2016,73%,U.S.A.,3.75
476,Daintree,Goodman Estate,2015,70%,Australia,2.75
477,Daintree,"Daintree Estates, N. Queensland",2011,70%,Australia,3.25
478,Dalloway,"Dominican Republic, batch 7",2017,72%,U.S.A.,2.75
479,Damson,Robson Estate,2015,70%,U.K.,3
480,Damson,Los Rios,2015,70%,U.K.,3.5
481,Damson,Crayfish Bay aka Non Pariel Estate,2015,70%,U.K.,2.25
482,Damson,O'Payo,2015,70%,U.K.,2.75
483,Dandelion,"Zorzal Reserva, 2015 H., Kerchner",2016,70%,U.S.A.,3.75
484,Dandelion,"Maya Mtn., Break Bar- Snark",2015,70%,U.S.A.,3
485,Dandelion,Maya Mountain,2014,70%,U.S.A.,3.5
486,Dandelion,"Camino Verde P., Balao, Guayas, 2013",2014,70%,U.S.A.,3.5
487,Dandelion,Buto,2014,70%,U.S.A.,2.75
488,Dandelion,"San Francisco de Macoris, Cibao region",2014,70%,U.S.A.,3.75
489,Dandelion,"Cumboto, farmer Jose Lugo",2013,70%,U.S.A.,2.75
490,Dandelion,Patanemo,2013,70%,U.S.A.,3.25
491,Dandelion,"Mantuano, 2012",2013,70%,U.S.A.,3.5
492,Dandelion,Papua New Guinea,2013,70%,U.S.A.,3.5
493,Dandelion,Upala,2012,70%,U.S.A.,3
494,Dandelion,Colombian,2012,70%,U.S.A.,3.25
495,Dandelion,"Elvesia, 2011",2012,70%,U.S.A.,3.75
496,Dandelion,Dominican Republic,2011,70%,U.S.A.,3.25
497,Dandelion,Madagascar,2011,70%,U.S.A.,3.25
498,Dandelion,Tanzania,2011,70%,U.S.A.,3.25
499,Danta,Los Ujuxtes,2014,82%,Guatemala,3.25
500,Danta,Chuao,2012,75%,Guatemala,3
501,Danta,Los Ujuxtes,2012,70%,Guatemala,3.75
502,Danta,Sambirano,2012,70%,Guatemala,3.75
503,Danta,Las Acacias E.,2012,70%,Guatemala,4
504,Danta,"Oscuro, Finca Chimelb",2012,70%,Guatemala,3.25
505,Danta,Los Ujuxtes,2011,60%,Guatemala,3.5
506,Danta,Las Acacias E.,2009,75%,Guatemala,3
507,Danta,Las Acacias E.,2009,60%,Guatemala,3.25
508,DAR,"Venezuela, batch 122",2016,72%,U.S.A.,2.75
509,DAR,Vietnam,2016,72%,U.S.A.,3
510,DAR,"DUO, batch 002",2016,70%,U.S.A.,3.25
511,Dark Forest,Bolivia,2016,75%,U.S.A.,3.25
512,Dark Forest,Madagascar,2015,70%,U.S.A.,3
513,Dark Forest,Ocumare,2015,70%,U.S.A.,3.25
514,Dark Forest,Tanzania,2015,70%,U.S.A.,3
515,Dark Forest,Ecuador,2015,70%,U.S.A.,3.25
516,Davis,Ghana,2013,70%,U.S.A.,2.5
517,Davis,Rainforest,2013,70%,U.S.A.,2.75
518,Davis,Venezuela,2013,70%,U.S.A.,2.75
519,Davis,West Africa,2012,58%,U.S.A.,3.25
520,De Mendes,"Nativo, Varzea",2015,72%,Brazil,3.5
521,De Mendes,"Selvagem, Jari",2015,65%,Brazil,3.5
522,De Villiers,Bundibugyo District,2016,70%,South Africa,2.5
523,De Villiers,"Sambirano Valley, batch 2477",2016,70%,South Africa,3
524,Dean and Deluca (Belcolade),Madagascar,2007,66%,U.S.A.,2.5
525,Dean and Deluca (Belcolade),Costa Rica,2007,64%,U.S.A.,3
526,Dean and Deluca (Belcolade),Ecuador,2007,71%,U.S.A.,3
527,Dean and Deluca (Belcolade),Ghana,2007,60%,U.S.A.,3
528,Dean and Deluca (Belcolade),Papua New Guinea,2007,64%,U.S.A.,3
529,Dean and Deluca (Belcolade),Peru,2007,64%,U.S.A.,3
530,Debauve & Gallais (Michel Cluizel),Papua New Guinea,2009,64%,France,3
531,Debauve & Gallais (Michel Cluizel),Venezuela,2008,66%,France,3.75
532,Desbarres,"Kilombero, batch 41",2016,72%,Canada,2.5
533,DeVries,Bolivian,2008,80%,U.S.A.,2.75
534,DeVries,Costa Rica,2007,77%,U.S.A.,3.5
535,DeVries,Dominican Republic,2007,77%,U.S.A.,3.5
536,Dick Taylor,Lanquin Estate,2017,70%,U.S.A.,3.75
537,Dick Taylor,Tien Giang,2016,78%,U.S.A.,3.5
538,Dick Taylor,"Alto Beni, Wild Harvest, Limited Ed.",2015,70%,U.S.A.,3.75
539,Dick Taylor,Elvesia,2014,74%,U.S.A.,3.5
540,Dick Taylor,"Ecuador, Choc. Garage Exclusive",2013,70%,U.S.A.,3.25
541,Dick Taylor,Camino Verde,2013,76%,U.S.A.,3.5
542,Dick Taylor,Bolivia,2012,75%,U.S.A.,2.75
543,Dick Taylor,Belize,2012,72%,U.S.A.,2.75
544,Dick Taylor,Sambirano,2011,80%,U.S.A.,2.75
545,Dick Taylor,Sambirano,2011,72%,U.S.A.,3
546,Dick Taylor,Mantuano,2011,75%,U.S.A.,2.75
547,Dick Taylor,La Red,2011,74%,U.S.A.,3
548,Dick Taylor,Ecuador,2011,70%,U.S.A.,3.25
549,Doble & Bignall,Puerto Cabello,2015,85%,U.K.,3
550,Doble & Bignall,"Panama, Raven",2014,72%,U.K.,3.25
551,Doble & Bignall,"Puerto Cabello, Mantuano",2014,72%,U.K.,3.25
552,Doble & Bignall,Johe,2014,72%,U.K.,3.5
553,Dole (Guittard),"O'ahu, N. Shore, Waialua Estate",2009,70%,U.S.A.,3.75
554,Dolfin (Belcolade),Africa,2008,88%,Belgium,3
555,Dolfin (Belcolade),Noir,2006,70%,Belgium,1.5
556,Domori,Hacienda Victoria,2015,70%,Italy,3.75
557,Domori,Ocumare 77,2015,70%,Italy,3.75
558,Domori,"IL100, H. San Jose",2013,100%,Italy,3
559,Domori,Morogoro,2012,70%,Italy,3.5
560,Domori,Guasare,2012,70%,Italy,3.75
561,Domori,"Canoabo, Hacienda San Jose",2011,70%,Italy,3.5
562,Domori,"Chuao, Hacienda San Jose",2010,70%,Italy,3
563,Domori,"Carupano, H. San Jose",2008,70%,Italy,3
564,Domori,Teyuna,2008,70%,Italy,3
565,Domori,Blend No. 1,2008,78%,Italy,3.5
566,Domori,Ilblend,2008,70%,Italy,3.75
567,Domori,Porcelana,2007,70%,Italy,4
568,Domori,"Ocumare 61, Puertomar",2007,75%,Italy,3.25
569,Domori,Granella,2007,60%,Italy,3.25
570,Domori,Madagascar,2007,70%,Italy,3.5
571,Domori,Madagared,2007,70%,Italy,3.5
572,Domori,"Java, Javablond",2007,70%,Italy,3.75
573,Domori,Ecuador,2007,70%,Italy,4
574,Domori,"Ocumare 67, Puertofino",2007,70%,Italy,4
575,Domori,Sur del Lago Classificado,2006,70%,Italy,3
576,Domori,Apurimac,2006,70%,Italy,3.25
577,Domori,Carenero Superior,2006,70%,Italy,3.5
578,Dormouse,Non Pariel Estate,2016,75%,U.K.,2.75
579,Dormouse,"Rio Caribe, Batch 7",2015,70%,U.K.,2.5
580,Dormouse,"Colombia, Batch 9",2015,80%,U.K.,2.75
581,Dormouse,"Madagascar, Batch 8",2015,77%,U.K.,2.75
582,Duffy's,"Rio Dulce, Xoco",2015,70%,U.K.,4
583,Duffy's,"Chuno, Xoco",2014,70%,U.K.,3.5
584,Duffy's,"Rico Rugoso, Xoco",2014,76%,U.K.,3.75
585,Duffy's,Ocumare,2012,72%,U.K.,3.75
586,Duffy's,"Indio Rojo, Xoco",2011,72%,U.K.,3.75
587,Duffy's,Dominican Republic,2011,65%,U.K.,3.5
588,Duffy's,"Bocas del Toro, Tierra Oscura",2011,72%,U.K.,3
589,Duffy's,"Nicaliso, Xoco",2011,71%,U.K.,3.25
590,Duffy's,Ocumare,2011,71%,U.K.,3.5
591,Duffy's,Panama,2010,70%,U.K.,3.5
592,Duffy's,"Corazon del Ecuador, Calceta beans",2010,72%,U.K.,3.75
593,Duffy's,Star of Ecuador,2010,70%,U.K.,2.5
594,Duffy's,Star of Peru,2010,70%,U.K.,3.75
595,Dulcinea,Dominican Republic,2015,70%,U.S.A.,3.25
596,Durand,Madagascar,2012,82%,France,2.75
597,Durci,"Maranon, Joya Rara",2015,70%,U.S.A.,3.5
598,Durci,"Rio Caribe, Tepui Treasure",2015,70%,U.S.A.,3.5
599,Durci,Taino Secret,2015,70%,U.S.A.,3.25
600,Durci,"Carenero, Empyrean Sabor",2015,70%,U.S.A.,3.25
601,Durci,Corona Arriba,2015,70%,U.S.A.,4
602,East Van Roasters,Peru,2014,70%,Canada,3.25
603,East Van Roasters,Madagascar,2014,70%,Canada,3.5
604,East Van Roasters,Dominican Republic,2014,70%,Canada,3.75
605,Eau de Rose,Tumaco,2016,70%,Canada,3.25
606,Eau de Rose,Arauca,2016,70%,Canada,3.25
607,Eclat (Felchlin),"Maranon, Good & Evil, w/ nibs",2012,72%,U.S.A.,2.75
608,Edelmond,Porcelana,2016,68%,Germany,3
609,El Ceibo,"Alto Beni, Covendo Region",2011,75%,Bolivia,3.75
610,El Ceibo,Alto Beni,2008,71%,Bolivia,2.75
611,El Rey,San Joaquin,2015,70%,Venezuela,3.75
612,El Rey,"Rio Caribe, Cariaco",2009,60.50%,Venezuela,2.75
613,El Rey,"Rio Caribe, Macuro",2009,70%,Venezuela,3
614,El Rey,"Carenero Superior, Apamate",2008,74%,Venezuela,2.5
615,El Rey,"Carenero Superior, Bucare",2008,58%,Venezuela,2.5
616,El Rey,"Carenero Superior, Mijao",2008,61%,Venezuela,3
617,El Rey,"Carenero Superior, Gran Saman",2006,70%,Venezuela,2.75
618,Emerald Estate,Emerald Estate,2013,60%,St. Lucia,2.75
619,Emerald Estate,Emerald Estate,2013,70%,St. Lucia,3.25
620,Emily's,Patanemo,2015,79%,Japan,3
621,Emily's,Peru,2015,78%,Japan,3.5
622,ENNA,"Wampusirpi, batch 007",2016,75%,U.S.A.,3.25
623,Enric Rovira (Claudio Corallo),Terreiro Velho P.,2010,80%,Spain,3.25
624,Erithaj (A. Morin),Ben Tre,2014,70%,France,3.25
625,Erithaj (A. Morin),Ham Luong,2014,80%,France,3
626,Erithaj (A. Morin),Ba Lai,2014,74%,France,3.25
627,Escazu,Rio Caribe,2012,70%,U.S.A.,2.75
628,Escazu,Guapiles,2009,65%,U.S.A.,2
629,Escazu,Carenero Superior,2009,81%,U.S.A.,3.5
630,Escazu,"Carenero, Guapiles, Ocumare blend",2009,74%,U.S.A.,2.75
631,Escazu,Ocumare,2008,72%,U.S.A.,3
632,Ethel's Artisan (Mars),"Peru, Madagascar",2011,55%,U.S.A.,2.5
633,Ethel's Artisan (Mars),Trinidad,2011,55%,U.S.A.,2.5
634,Ethel's Artisan (Mars),Porcelana,2011,70%,U.S.A.,2.5
635,Ethel's Artisan (Mars),Red Vanilla,2011,62%,U.S.A.,2.75
636,Ethel's Artisan (Mars),"Venezuela, Trinidad",2011,62%,U.S.A.,2.5
637,Ethereal,Belize,2014,80%,U.S.A.,3
638,Ethereal,Ecuador,2014,80%,U.S.A.,3.5
639,Ethereal,Dominican Republic,2014,80%,U.S.A.,3.75
640,Fearless (AMMA),"Monte Alegre, D. Badaro, Raw, Organic",2010,75%,U.S.A.,2.75
641,Feitoria Cacao,Blue Mountain,2016,76%,Portugal,3
642,Feitoria Cacao,Cuyagua,2016,76%,Portugal,2.5
643,Feitoria Cacao,Maya Mountain,2016,76%,Portugal,2.75
644,Felchlin,Grenada,2010,58%,Switzerland,3.5
645,Felchlin,Supremo- SF,2006,62%,Switzerland,2
646,Felchlin,Elvesia P.,2006,74%,Switzerland,3
647,Felchlin,"Madagascar, Grand Cru",2006,64%,Switzerland,3
648,Felchlin,Maracaibo Clasificado,2006,65%,Switzerland,3
649,Felchlin,Arriba,2006,72%,Switzerland,3.5
650,Felchlin,"Alto Beni, Cru Savage",2006,68%,Switzerland,4
651,Finca,Puerto Rico,2014,65%,U.S.A.,2.25
652,Finca,Dominican Republic,2014,80%,U.S.A.,3
653,Finca,Dominican Republic,2014,70%,U.S.A.,3.25
654,Finca,Dominican Republic,2014,85%,U.S.A.,2.5
655,Forever Cacao,Rio Eni,2014,72%,U.K.,2.75
656,Forteza (Cortes),Dominican Republic,2016,70%,Puerto Rico,2.75
657,Forteza (Cortes),Puerto Rico,2016,80%,Puerto Rico,2.75
658,Fossa,"Akesson's E., Sambirano V.",2016,70%,Singapore,2.75
659,Fossa,"Camino Verde P., Balao, Guayas",2016,75%,Singapore,3.5
660,Fossa,"Kokoa Kamili Coop, Kilombero",2016,67%,Singapore,3.75
661,Franceschi,Choroni,2014,70%,Venezuela,3.5
662,Franceschi,Ocumare,2014,70%,Venezuela,3.75
663,Franceschi,Canoabo,2012,70%,Venezuela,3.75
664,Franceschi,Sur del Lago,2012,60%,Venezuela,3.5
665,Frederic Blondeel,Costa Rica,2015,70%,Belgium,3.5
666,Frederic Blondeel,Peru Brutus,2015,75%,Belgium,3.5
667,Frederic Blondeel,Vietnam,2015,80%,Belgium,3
668,Frederic Blondeel,Ghana,2014,60%,Belgium,3.5
669,Frederic Blondeel,Madagascar,2014,65%,Belgium,3.5
670,French Broad,"Norandino, batch 161208",2017,70%,U.S.A.,3.5
671,French Broad,Guatemala,2015,73%,U.S.A.,3.5
672,French Broad,San Andres,2014,80%,U.S.A.,3
673,French Broad,Matagalpa,2014,68%,U.S.A.,3.25
674,French Broad,"Palo Blanco, Chulucanas",2013,66%,U.S.A.,3.5
675,French Broad,Tumbes Coop,2012,70%,U.S.A.,2.5
676,French Broad,"Palo Blanco, Chulucanas",2012,61%,U.S.A.,3.5
677,French Broad,"Palo Blanco w/ panela, Chulucanas",2012,81%,U.S.A.,2
678,French Broad,"Maranon Canyon, Fortunato No. 4",2011,70%,U.S.A.,3.5
679,French Broad,La Red,2011,65%,U.S.A.,3.5
680,Fresco,"Maranon, #228, MR, SC",2014,70%,U.S.A.,3
681,Fresco,"Maranon, #227, LR, MC",2014,70%,U.S.A.,3.5
682,Fresco,"Maranon, #229, MR, LC",2014,70%,U.S.A.,3.5
683,Fresco,"Maranon, #230, DR, LC",2014,70%,U.S.A.,3.5
684,Fresco,"Conacado, #223, MR, SC",2013,72%,U.S.A.,3.25
685,Fresco,"Conacado, #224, MR, MC",2013,72%,U.S.A.,3.75
686,Fresco,"San Martin, Bellavista Coop, #226, DR, MC",2013,70%,U.S.A.,3.75
687,Fresco,"Bellavista Coop, #225, LR, MC, CG Exclusive",2013,70%,U.S.A.,4
688,Fresco,"Markham Valley, #219, LR, MC",2012,69%,U.S.A.,3.5
689,Fresco,"Markham Valley, #221, DR, MC",2012,69%,U.S.A.,3.5
690,Fresco,"Sambirano Valley, #216, MR, LC",2012,74%,U.S.A.,4
691,Fresco,"Markham Valley, #220, MR, MC",2012,69%,U.S.A.,4
692,Fresco,"Markham Valley, #222, LR, 0C",2012,69%,U.S.A.,3
693,Fresco,"Ghana, #211, MR, MC",2011,74%,U.S.A.,2.75
694,Fresco,"Jamaica, #209, DR, SC",2011,70%,U.S.A.,3.25
695,Fresco,"Conacado, #212, LR, SC",2011,72%,U.S.A.,3.5
696,Fresco,"Jamaica, #210, DR, MC",2011,70%,U.S.A.,3.5
697,Fresco,"Sambirano Valley, #214, LR, MC",2011,74%,U.S.A.,2.75
698,Fresco,"Conacado, #213, DR, -C",2011,72%,U.S.A.,3.25
699,Fresco,"Sambirano Valley, #215, MR, MC",2011,74%,U.S.A.,3
700,Fresco,"Chuao, #218, MR, MC",2011,76%,U.S.A.,3.25
701,Fresco,"Chuao, #217, DR, MC",2011,70%,U.S.A.,4
702,Fresco,"Jamaica, #204, DR, SC",2009,80%,U.S.A.,2.75
703,Fresco,"Jamaica, #206, DR, LC",2009,70%,U.S.A.,3
704,Fresco,"Jamaica, #205, DR, MC",2009,70%,U.S.A.,3.25
705,Fresco,"Carenero Superior, #203, MR, SC",2009,65%,U.S.A.,3.5
706,Friis Holm,"Rugoso, Bad Fermentation",2016,70%,Denmark,3.5
707,Friis Holm (Bonnat),La Dalia,2015,60%,Denmark,3
708,Friis Holm (Bonnat),La Dalia,2015,85%,Denmark,3.25
709,Friis Holm (Bonnat),La Dalia,2014,70%,Denmark,3.5
710,Friis Holm (Bonnat),"Barba, Xoco",2013,70%,Denmark,3.25
711,Friis Holm (Bonnat),"Medagla, Xoco",2013,70%,Denmark,3.5
712,Friis Holm (Bonnat),"Chuno, triple turned, Xoco",2012,70%,Denmark,3.25
713,Friis Holm (Bonnat),"Red Mayan, Xoco",2012,70%,Denmark,3.25
714,Friis Holm (Bonnat),"Chuno, double turned, Xoco",2012,70%,Denmark,3.25
715,Friis Holm (Bonnat),"Rugoso, Xoco",2012,70%,Denmark,3.75
716,Friis Holm (Bonnat),"Johe, Xoco",2011,70%,Denmark,3.25
717,Friis Holm (Bonnat),"Chuno, Xoco",2011,70%,Denmark,3.5
718,Friis Holm (Bonnat),"Nicaliso, Xoco",2011,70%,Denmark,3.5
719,Fruition,"Wild Bolivian, Batch 2",2016,74%,U.S.A.,3.75
720,Fruition,"Coto Brus, Heirloom, Batch 1",2016,74%,U.S.A.,4
721,Fruition,Gran Couva,2014,70%,U.S.A.,3.75
722,Fruition,Maranon,2014,76%,U.S.A.,3
723,Fruition,La Red,2013,70%,U.S.A.,3.75
724,Fruition,Camino Verde,2013,75%,U.S.A.,3
725,Fruition,Peru,2012,70%,U.S.A.,2.5
726,Fruition,Signature Blend,2011,66%,U.S.A.,3.25
727,Fruition,Costa Rica,2011,70%,U.S.A.,3
728,Garden Island,"Kaua'I, Alea Estate +world",2014,85%,U.S.A.,2.5
729,Georgia Ramon,Akesson P.,2015,65%,Germany,3.25
730,Georgia Ramon,ABOCFA Coop,2015,70%,Germany,4
731,Georgia Ramon,Conacado Coop,2015,70%,Germany,3.5
732,Georgia Ramon,Conacado Coop,2015,80%,Germany,3.5
733,Georgia Ramon,Akesson P.,2015,75%,Germany,3.5
734,Glennmade,"Toledo District, 2015 Harvest",2016,70%,U.S.A.,3.5
735,Glennmade,Bahia,2015,66%,U.S.A.,3
736,Goodnow Farms,"Almendra Blanca, batch 1004",2016,77%,U.S.A.,2.75
737,Goodnow Farms,"El Carmen, batch 1003",2016,77%,U.S.A.,3.25
738,Goodnow Farms,"Asochivite, batch 1005",2016,77%,U.S.A.,3.25
739,Grand Place,"Ben Tre, Dong Nai",2011,72%,Vietnam,3
740,Green & Black's (ICAM),Dark,2006,70%,U.K.,2.5
741,Green Bean to Bar,Madagascar,2016,70%,Japan,3.5
742,Grenada Chocolate Co.,Grenada,2010,82%,Grenada,3.25
743,Grenada Chocolate Co.,Grenada,2009,60%,Grenada,2.75
744,Grenada Chocolate Co.,Grenada,2008,71%,Grenada,2.5
745,Guido Castagna,Arriba,2009,64%,Italy,3
746,Guido Castagna,Ghana,2009,64%,Italy,3
747,Guido Castagna,Trinidad & Tobago,2009,64%,Italy,3
748,Guido Castagna,Lacri Blend,2009,76%,Italy,3
749,Guido Castagna,Blend,2009,64%,Italy,3.25
750,Guittard,"Epique, Blend No. 49",2015,70%,U.S.A.,3.75
751,Guittard,Haiti,2013,65%,U.S.A.,2.75
752,Guittard,Nicaragua,2013,65%,U.S.A.,2.75
753,Guittard,Jamaica,2013,65%,U.S.A.,3.25
754,Guittard,Ecuador,2013,65%,U.S.A.,3.5
755,Guittard,Coucher du Soleil,2011,72%,U.S.A.,2.75
756,Guittard,Lever du Soleil,2011,61%,U.S.A.,3.25
757,Guittard,Onyx,2011,72%,U.S.A.,3.25
758,Guittard,Trinidad,2010,65%,U.S.A.,3
759,Guittard,"O'ahu, N. Shore, Waialua E., Kakoleka",2009,55%,U.S.A.,3
760,Guittard,Nocturne,2009,91%,U.S.A.,3
761,Guittard,Complexite,2009,70%,U.S.A.,3.5
762,Guittard,Machu Pichu,2008,65%,U.S.A.,3
763,Guittard,Special Maker Reserve,2008,64%,U.S.A.,3
764,Guittard,Ocumare,2008,65%,U.S.A.,3.5
765,Guittard,Quetzalcoatl,2007,72%,U.S.A.,3.5
766,Guittard,Chucuri,2006,65%,U.S.A.,3
767,Guittard,Sur del Lago,2006,65%,U.S.A.,2.5
768,Guittard,"Sambirano, Ambanja",2006,65%,U.S.A.,3.5
769,Guittard,"Los Rios, Quevedo",2006,65%,U.S.A.,3.5
770,Guittard,Tsaranta,2006,61%,U.S.A.,3.5
771,Guittard,Semisweet,2006,61%,U.S.A.,3
772,Habitual,Papua New Guinea,2014,80%,Canada,2.75
773,Habitual,Campesino w/ nibs,2014,74%,Canada,2.75
774,Habitual,Dominican Republic,2014,75%,Canada,3.25
775,Habitual,Trinitario,2014,70%,Canada,3.5
776,Habitual,Downtown London,2014,65%,Canada,2.75
777,Habitual,Africa meets Latina,2014,70%,Canada,3
778,Habitual,Amazonas,2014,80%,Canada,3
779,Habitual,Sharkey,2014,66%,Canada,3.25
780,Habitual,one hundred,2014,100%,Canada,2
781,Hachez,Arriba,2007,77%,Germany,2.5
782,Hacienda El Castillo,Don Homero- Cerecita Valley,2014,55%,Ecuador,2.75
783,Hacienda El Castillo,Don Homero- Cerecita Valley,2014,70%,Ecuador,3
784,Haigh,South America and Africa,2011,70%,Australia,3
785,Harper Macaw,"Vale do Juliana, w/ nibs",2016,85%,U.S.A.,3.25
786,Harper Macaw,Brazil Blend,2015,67%,U.S.A.,3
787,Harper Macaw,"Tome Acu E., Amazon Rainforest",2015,77%,U.S.A.,3.5
788,Harper Macaw,"Vale do Juliana E., Atlantic Forest",2015,74%,U.S.A.,3.5
789,Heilemann,Peru,2016,64%,Germany,2.75
790,Heirloom Cacao Preservation (Brasstown),"Maya Mtn, Moho R., Toledo D., 2015",2016,70%,U.S.A.,3.25
791,Heirloom Cacao Preservation (Fruition),"Cota Brus, Terciopelo, 2015",2016,74%,U.S.A.,3.5
792,Heirloom Cacao Preservation (Guittard),"Alto Beni, Upper Rio Beni, 2014",2014,67%,U.S.A.,3.5
793,Heirloom Cacao Preservation (Guittard),"Wild Beni, Lower Rio Beni, Tranquilidad, 2014",2014,67%,U.S.A.,3
794,Heirloom Cacao Preservation (Guittard),"Los Rios, Hacienda Limon, Orecao, 2014",2014,67%,U.S.A.,3.75
795,Heirloom Cacao Preservation (Guittard),"Maunawili, O'ahu, Agri Research C., 2014",2014,67%,U.S.A.,3.75
796,Heirloom Cacao Preservation (Manoa),"Maunawili, O'ahu, Agri Research C., 2015",2016,72%,U.S.A.,3.5
797,Heirloom Cacao Preservation (Millcreek),"Los Rios, Hacienda Limon, Orecao, 2015",2016,70%,U.S.A.,3.5
798,Heirloom Cacao Preservation (Mindo),"Pinchincha, Mindo, Coop Nueva Esper., 2015",2016,77%,U.S.A.,3.5
799,Heirloom Cacao Preservation (Zokoko),"Alto Beni, Upper Rio Beni, 2015",2016,68%,U.S.A.,3.75
800,Heirloom Cacao Preservation (Zokoko),"Wild Beni, Lower Rio Beni, Tranquilidad, 2015",2016,72%,U.S.A.,4
801,hello cocoa,Uganda,2015,57%,U.S.A.,2.75
802,hello cocoa,Venezuela,2015,74%,U.S.A.,3.5
803,hexx,Tanzania,2015,70%,U.S.A.,2.75
804,hexx,Madagascar,2015,74%,U.S.A.,3
805,hexx,Venezuela,2015,70%,U.S.A.,3
806,hexx,Ecuador,2015,73%,U.S.A.,3.25
807,hexx,Peru,2015,70%,U.S.A.,3.25
808,Hogarth,Akesson's Estate,2016,70%,New Zealand,2.75
809,Hogarth,Carenero Superior,2016,72%,New Zealand,2.75
810,Hogarth,Conacado,2016,75%,New Zealand,3.25
811,Hogarth,Gran Blanco,2016,66%,New Zealand,3.5
812,Hoja Verde (Tulicorp),Arriba,2009,80%,Ecuador,2
813,Hoja Verde (Tulicorp),Manabi,2009,80%,Ecuador,2.5
814,Hoja Verde (Tulicorp),Arriba,2009,72%,Ecuador,3
815,Hoja Verde (Tulicorp),Arriba,2009,58%,Ecuador,3.25
816,Hoja Verde (Tulicorp),Manabi,2009,58%,Ecuador,3.5
817,Holy Cacao,Maranon,2016,70%,Israel,2.75
818,Holy Cacao,"Camino Verde P., Balao, Guayas",2015,70%,Israel,3.5
819,Holy Cacao,Sambirano,2015,70%,Israel,3.5
820,Holy Cacao,Gran Couva,2015,70%,Israel,3.5
821,Holy Cacao,Mara,2015,70%,Israel,3.5
822,Holy Cacao,Ivory Coast,2009,70%,Israel,2.5
823,Holy Cacao,Hispaniola,2009,70%,Israel,2.75
824,Holy Cacao,San Martin,2009,70%,Israel,3.5
825,Holy Cacao,Hispaniola w/ nibs,2009,75%,Israel,3.75
826,Honest,"Ecuador, w/ nibs",2014,72%,South Africa,2.5
827,Hotel Chocolat,"Pepiniere, single Cote",2015,70%,U.K.,2.75
828,Hotel Chocolat,"Marcial, single Cote, 2012",2013,70%,U.K.,4
829,Hotel Chocolat,"Island Growers, 2012, 120hr c.",2013,100%,U.K.,1.75
830,Hotel Chocolat (Coppeneur),Trinidad,2013,75%,U.K.,3
831,Hotel Chocolat (Coppeneur),Mekong Delta & Dong Nai,2013,80%,U.K.,3.5
832,Hotel Chocolat (Coppeneur),"Los Rios, H. Iara",2013,90%,U.K.,3
833,Hotel Chocolat (Coppeneur),"Somia Plantation, Akesson, 2012",2013,72%,U.K.,3
834,Hotel Chocolat (Coppeneur),"Los Rios, H. Iara, 2012",2013,82%,U.K.,3.5
835,Hotel Chocolat (Coppeneur),"Chanchamayo, Pichanadi, 2012, 60hr c.",2013,100%,U.K.,2.75
836,Hotel Chocolat (Coppeneur),"Los Rios, H. Iara, 2012, 120hr c.",2013,100%,U.K.,2.5
837,Hotel Chocolat (Coppeneur),"Conacado, 2012, 120hr c.",2013,100%,U.K.,2.75
838,Hotel Chocolat (Coppeneur),Sambirano,2012,66%,U.K.,3.5
839,Hotel Chocolat (Coppeneur),"Los Rios, H. Iara, 96hr c.",2011,80%,U.K.,3
840,Hotel Chocolat (Coppeneur),"Island Growers, 120hr c.",2011,65%,U.K.,3
841,Hotel Chocolat (Coppeneur),"Island Growers, 96hr c.",2011,65%,U.K.,3.25
842,Hotel Chocolat (Coppeneur),Ecuador,2010,70%,U.K.,2.75
843,Hotel Chocolat (Coppeneur),Santo Domingo,2010,70%,U.K.,3
844,Hotel Chocolat (Coppeneur),Chuao,2010,70%,U.K.,2.75
845,Hotel Chocolat (Coppeneur),St. Lucia,2008,72%,U.K.,3
846,Hotel Chocolat (Coppeneur),Uganda,2008,80%,U.K.,2.5
847,Hotel Chocolat (Coppeneur),Tanzania,2008,75%,U.K.,2.75
848,Hotel Chocolat (Coppeneur),Uba Budo,2008,72%,U.K.,3
849,Hummingbird,Lam Dong,2015,70%,Canada,3.5
850,Hummingbird,Bolivia,2014,70%,Canada,3
851,Hummingbird,"Bolivia, Bo-nib-ia, w/ nibs",2014,70%,Canada,3
852,Hummingbird,Momotombo,2014,70%,Canada,3
853,Hummingbird,Hispaniola,2014,70%,Canada,3.75
854,Hummingbird,Zorzal Reserva w/ Charles Kerchner,2014,70%,Canada,3.5
855,Hummingbird,"Ocumare, Cumboto",2013,70%,Canada,3.25
856,Hummingbird,Amazonas,2013,70%,Canada,3.75
857,Idilio (Felchlin),"Chuao, Venezuela",2013,72%,Switzerland,3.75
858,Idilio (Felchlin),Coopertiva Amazona,2011,72%,Switzerland,3.75
859,Idilio (Felchlin),"Sur del Lago, Amiari Meridena, Zulia, 48hr c.",2011,72%,Switzerland,3.75
860,Idilio (Felchlin),"Choroni, Finca Torres, 48hr c.",2011,72%,Switzerland,3.25
861,Idilio (Felchlin),"Ocumare, H. Cata, 48hr c.",2011,72%,Switzerland,3.75
862,Idilio (Felchlin),"Porcelana, Zulia",2011,74%,Switzerland,4
863,Idilio (Felchlin),"Ocumare, H. Cata, w/ nibs",2011,72%,Switzerland,3.5
864,Idilio (Felchlin),"Carenero Superior, Urrutia, Barlovento",2011,70%,Switzerland,4
865,Idilio (Felchlin),Coopertiva Amazona w/ nibs,2011,72%,Switzerland,4
866,Idilio (Felchlin),"Sur del Lago, Amiari Meridena, Zulia, w/ nibs",2011,72%,Switzerland,4
867,Indah,India (south),2016,61%,India,2.5
868,Indaphoria,La Red,2012,70%,U.S.A.,3.25
869,Indaphoria,"Conacado, Manifesto",2012,70%,U.S.A.,2.75
870,Indi,Honduras,2014,77%,U.S.A.,3
871,iQ Chocolate,"Satipo region, white label",2012,72%,Scotland,2.75
872,iQ Chocolate,black label,2012,72%,Scotland,3
873,Isidro,Madagascar,2014,72%,U.S.A.,3.5
874,Isidro,Peru,2014,72%,U.S.A.,2.25
875,Isidro,Belize,2014,72%,U.S.A.,3.25
876,Isidro,Dominican Republic,2014,72%,U.S.A.,3.25
877,Izard,"Maya Mountain, Toledo, Batch 29",2015,70%,U.S.A.,3.5
878,Izard,"Elvesia P., Batch 32",2015,70%,U.S.A.,2.75
879,Jacque Torres,Trinatario Treasure,2006,71%,U.S.A.,2
880,Jordis,Madagascar,2015,63%,Czech Republic,2.75
881,Just Good Chocolate,Belize,2014,70%,U.S.A.,3.5
882,Just Good Chocolate,Madagascar,2014,70%,U.S.A.,3.5
883,Just Good Chocolate,Peru,2014,70%,U.S.A.,4
884,Kah Kow,"Rizek Cacao, Cibao Valley, Domin. Rep.",2013,70%,Domincan Republic,3.5
885,Kah Kow,"Rizek Cacao, Domin. Rep.",2013,82%,Domincan Republic,3
886,Kah Kow,"Rizek Cacao, Domin. Rep.",2013,55%,Domincan Republic,3.25
887,Kah Kow,"Rizek Cacao, Domin. Rep.",2013,62%,Domincan Republic,3.25
888,Kakao,Peru,2012,64%,Germany,2.5
889,Kakao,Vanuatu,2009,65%,Germany,3.75
890,Kallari (Ecuatoriana),Sisa 36hr/ W. F. blend prototype,2008,70%,Ecuador,3
891,Kallari (Ecuatoriana),Sisa's Secret/ original micro,2008,70%,Ecuador,3.5
892,Kallari (Ecuatoriana),Roberto,2008,75%,Ecuador,2.75
893,Kallari (Ecuatoriana),Diego/ original micro,2008,85%,Ecuador,2.5
894,Kallari (Ecuatoriana),Diego 48hr/ W.F. blend prototype,2008,85%,Ecuador,2.75
895,Kallari (Ecuatoriana),Diego 60hr/ W.F. blend prototype,2008,85%,Ecuador,3
896,Kallari (Ecuatoriana),Cacao Nacional W.F.,2008,75%,Ecuador,2.5
897,Kallari (Ecuatoriana),Cacao Nacional W.F.,2008,85%,Ecuador,3
898,Kaoka (Cemoi),Noir,2009,70%,France,2.75
899,Kaoka (Cemoi),Ecuador,2009,80%,France,2.75
900,Kerchner,"La Red, Project Reserva, Guaconejo",2013,70%,U.S.A.,3.75
901,Ki' Xocolatl,Dark,2009,72%,Mexico,2
902,Kiskadee,"La Red, Guanconjeco",2014,60%,U.S.A.,3
903,Kto,San Martin,2014,72%,U.S.A.,2.5
904,Kto,Ocumare,2014,72%,U.S.A.,2.75
905,Kto,Belize,2014,72%,U.S.A.,3
906,Kto,Sambirano Valley,2014,72%,U.S.A.,3.25
907,Kto,Belize,2014,90%,U.S.A.,3.25
908,Kto,Elvesia,2014,72%,U.S.A.,3.25
909,Kto,ROIG,2014,72%,U.S.A.,3.25
910,K'ul,"Kafupbo, Petit Bourg, De Borgnes",2016,70%,U.S.A.,3.25
911,K'ul,"Maranon, Fortunato No. 4",2016,70%,U.S.A.,2.75
912,K'ul,"Los Rios, Hacienda Limon, Heirloom",2016,70%,U.S.A.,3.75
913,K'ul,"Bahia, Fazenda Camboa",2016,70%,U.S.A.,3.75
914,Kyya,Uganda,2014,72.50%,U.S.A.,2.5
915,Kyya,Hispaniola,2014,72.50%,U.S.A.,3
916,Kyya,Ecuador,2014,72.50%,U.S.A.,2.5
917,Kyya,Madagascar,2014,72.50%,U.S.A.,3
918,L.A. Burdick (Felchlin),Peru,2012,74%,U.S.A.,3.25
919,L.A. Burdick (Felchlin),Brazil,2012,70%,U.S.A.,4
920,L.A. Burdick (Felchlin),Chuao,2012,68%,U.S.A.,3.75
921,L.A. Burdick (Felchlin),Quito,2011,74%,U.S.A.,3.75
922,L.A. Burdick (Felchlin),Grenada,2010,75%,U.S.A.,3.25
923,L.A. Burdick (Felchlin),Dominican Republic,2010,74%,U.S.A.,3.75
924,L.A. Burdick (Felchlin),Venzuela,2010,71%,U.S.A.,3
925,L.A. Burdick (Felchlin),Madagascar,2009,64%,U.S.A.,3.5
926,L.A. Burdick (Felchlin),Bolivian,2009,68%,U.S.A.,3
927,La Chocolaterie Nanairo,"Lumas, 2015 Harvest, Batch 6, brown sugar",2016,70%,Japan,2.25
928,La Chocolaterie Nanairo,"Lumas, 2015 Harvest, Batch 7",2016,70%,Japan,2.5
929,La Chocolaterie Nanairo,"Tumbes, 2013 Harvest, Batch 8",2016,70%,Japan,3
930,La Chocolaterie Nanairo,"Belize, 2014 Harvest, Batch 9",2016,70%,Japan,3
931,La Maison du Chocolat (Valrhona),"Cuana, 2013",2013,74%,France,2.75
932,La Maison du Chocolat (Valrhona),Tobago,2013,60%,France,3.25
933,La Maison du Chocolat (Valrhona),"Acarigua, w/ nibs",2013,56%,France,3.25
934,La Maison du Chocolat (Valrhona),Loma Sotavento,2012,66%,France,3.5
935,La Maison du Chocolat (Valrhona),Grenada,2011,68%,France,3.5
936,La Maison du Chocolat (Valrhona),Akosombo,2009,68%,France,3.25
937,La Maison du Chocolat (Valrhona),"Porcelana, Pariguan",2009,69%,France,3.5
938,La Maison du Chocolat (Valrhona),Kuruba,2009,60%,France,3
939,La Maison du Chocolat (Valrhona),Orinoco,2009,60%,France,3.75
940,La Maison du Chocolat (Valrhona),"Cuana, 2008",2008,74%,France,3.5
941,La Oroquidea,Peruvian Amazon,2011,72%,Peru,2.5
942,La Pepa de Oro,Vinces,2011,60%,Ecuador,3.25
943,Laia aka Chat-Noir,"Madagascar, Batch 59/100",2015,75%,France,2.75
944,Laia aka Chat-Noir,"Vietnam, Batch 50/100",2015,75%,France,2.75
945,Laia aka Chat-Noir,"Cuba, Batch 59/100",2015,75%,France,3
946,Laia aka Chat-Noir,"Peru, Batch 51/100",2015,75%,France,3.25
947,Laia aka Chat-Noir,"Ivory Coast, Batch 56/100",2015,75%,France,3
948,Laia aka Chat-Noir,"Sao Tome, Batch 151",2015,75%,France,3.5
949,Laia aka Chat-Noir,"Bahia, Batch 148",2015,75%,France,3.25
950,Laia aka Chat-Noir,"Lam Dong, Batch 153",2015,75%,France,3.75
951,Laia aka Chat-Noir,Cuba,2014,70%,France,2.75
952,Laia aka Chat-Noir,Trinidad-Tobago,2014,68%,France,2.75
953,Lajedo do Ouro,Catongo,2012,70%,Brazil,3.5
954,Lake Champlain (Callebaut),Tanzania,2009,75%,U.S.A.,2.5
955,L'Amourette,Rugoso,2016,80%,U.S.A.,3.5
956,L'Amourette,Carenero Superior,2012,75%,U.S.A.,3
957,L'Amourette,Rio Caribe,2012,75%,U.S.A.,3
958,L'Amourette,Blend,2012,72%,U.S.A.,3
959,Letterpress,"La Masica, Batch 7, FHIA",2017,70%,U.S.A.,3.5
960,Letterpress,"Maya Mtn, Batch 18, Heirloom",2017,70%,U.S.A.,3.25
961,Letterpress,Liberia,2016,70%,U.S.A.,3.25
962,Letterpress,Beniamo,2015,70%,U.S.A.,3.25
963,Letterpress,"San Juan Estate, Gran Couva",2015,70%,U.S.A.,3.5
964,Letterpress,San Andres,2015,70%,U.S.A.,3
965,Letterpress,"La Red, Guaconejo",2015,70%,U.S.A.,3.25
966,Letterpress,Kokoa Kamili,2015,70%,U.S.A.,3.5
967,Letterpress,Maranura,2014,70%,U.S.A.,3.5
968,Levy,Sambirano,2014,71%,Finland,3.5
969,Lilla,Madagascar,2016,70%,Finland,3
970,Lillie Belle,Perfect Illusion,2012,65%,U.S.A.,3.5
971,Lillie Belle,"Bolivia, Wild Thing",2012,68%,U.S.A.,3.5
972,Lillie Belle,La Selva,2012,68%,U.S.A.,3.75
973,Lillie Belle,Purple Haze,2012,75%,U.S.A.,2.75
974,Lillie Belle,"The Other One, Grand Cru",2012,74%,U.S.A.,3
975,Lillie Belle,Wild Thing,2012,68%,U.S.A.,3.5
976,Lindt & Sprungli,Excellence (US Version),2007,85%,Switzerland,3
977,Loiza,Puerto Rico,2013,65%,Puerto Rico,2.5
978,Lonohana,"Haleiwa, O'ahu; Lonohana E., Kanahiku",2014,70%,U.S.A.,3.75
979,Lonohana,"Haleiwa E, O'ahu, 2014",2014,65%,U.S.A.,3.25
980,Lonohana,"Haleiwa E, O'ahu, 2014",2014,75%,U.S.A.,3.75
981,Lonohana,"Opaeula Estate, O'ahu, Nene, CG Exclusive",2013,71%,U.S.A.,3
982,Lonohana,"Opaeula Estate, O'ahu, Ele'ele",2013,72%,U.S.A.,3
983,Lonohana,"Hawaiian Crown, Kona Vanilla",2013,70%,U.S.A.,3.5
984,Love Bar,Nicaragua,2015,75%,U.S.A.,2
985,Luker,Selva,2010,46%,Colombia,2.75
986,Luker,Macondo,2010,60%,Colombia,3
987,Luker,Misterio,2010,58%,Colombia,3
988,Luker,Santander,2010,65%,Colombia,3.5
989,Machu Picchu Trading Co.,Peru,2011,70%,Peru,1.5
990,Machu Picchu Trading Co.,Peru,2010,55%,Peru,2.25
991,Madecasse (Cinagra),Madagascar,2008,67%,Madagascar,3.5
992,Madecasse (Cinagra),Madagascar,2008,70%,Madagascar,3.75
993,Madecasse (Cinagra),Madagascar,2008,63%,Madagascar,4
994,Madecasse (Cinagra),Madagascar,2008,75%,Madagascar,3.5
995,Madre,Guadalcanal,2017,73%,U.S.A.,3.5
996,Madre,Puerto Rico,2013,70%,U.S.A.,2.75
997,Madre,Brazil,2013,70%,U.S.A.,3.5
998,Madre,"Choobua, Kona",2013,70%,U.S.A.,2.75
999,Madre,"Xocunusco, Chiapas, Pichucalco",2013,70%,U.S.A.,2.75
1000,Madre,"Hamakua Coast, Kokoleka",2012,70%,U.S.A.,3.25
1001,Madre,"Criollo, Hawaii",2012,70%,U.S.A.,3.25
1002,Madre,Kaua'i,2012,70%,U.S.A.,3.5
1003,Madre,Dominican,2011,70%,U.S.A.,2.5
1004,Madre,Upala,2011,70%,U.S.A.,2.75
1005,Madre,"Chiapas, Triple Cacao",2010,72%,U.S.A.,2.75
1006,Maglio,Africa,2008,75%,Italy,2
1007,Maglio,Ecuador,2008,70%,Italy,3
1008,Maglio,Cuba,2008,70%,Italy,3.25
1009,Maglio,Santo Domingo,2008,70%,Italy,3.75
1010,Majani,Ecuador,2010,70%,Italy,2
1011,Malagasy (Chocolaterie Robert),Sambirano 2006,2007,75%,Madagascar,2.75
1012,Malagasy (Chocolaterie Robert),Mora Mora 2006,2007,73%,Madagascar,3.5
1013,Malagos,"Davao, Mt. Talamo foothills",2013,65%,Philippines,3.5
1014,Malie Kai (Guittard),"O'ahu, N. Shore, Waialua Estate w/ nibs",2010,55%,U.S.A.,3.5
1015,Malie Kai (Guittard),"O'ahu, N. Shore, Waialua Estate",2009,55%,U.S.A.,2.75
1016,Malmo,Chuao,2016,70%,Sweden,3
1017,Mana,Ecuador,2015,74%,U.S.A.,2.5
1018,Mana,Peru,2014,74%,U.S.A.,2.5
1019,Mana,Venezuela,2014,74%,U.S.A.,2.75
1020,Mana,Conacado,2012,74%,U.S.A.,3.75
1021,Manifesto Cacao,Colombia,2014,70%,Colombia,2.75
1022,Manoa,Markham Valley,2015,72%,U.S.A.,3.5
1023,Manoa,Coto Brus,2015,72%,U.S.A.,3.75
1024,Manoa,"Waiahole, O'ahu",2013,72%,U.S.A.,3.75
1025,Manoa,"Liberia, #174",2012,72%,U.S.A.,3.25
1026,Manoa,"Hamakua, Hawaiian Crown, #176",2012,72%,U.S.A.,2.75
1027,Manoa,Piura,2012,72%,U.S.A.,3
1028,Manoa,"Oahu, Winward, #151, Maunawili district",2012,72%,U.S.A.,3.25
1029,Manufaktura Czekolady,Johe,2016,70%,Poland,3.75
1030,Manufaktura Czekolady,Peru,2016,70%,Poland,3.5
1031,Manufaktura Czekolady,Porcelana,2014,70%,Poland,3.75
1032,Manufaktura Czekolady,Kolumbia,2014,85%,Poland,3.5
1033,Manufaktura Czekolady,Grand Cru Dominican Republic,2012,70%,Poland,3.25
1034,Manufaktura Czekolady,Grand Cru Ghana,2012,70%,Poland,3.5
1035,Manufaktura Czekolady,Grand Cru Ecuador,2012,70%,Poland,3.25
1036,Map Chocolate,"Ben Tre, Surprise Valley",2016,75%,U.S.A.,3.25
1037,Map Chocolate,"ROIG, 2014",2015,70%,U.S.A.,3.5
1038,Map Chocolate,"Maranon, 2014",2015,62%,U.S.A.,3.5
1039,Map Chocolate,Ecuador,2015,70%,U.S.A.,3.5
1040,Map Chocolate,"San Juan Estate, Cherry Blossoms at Night",2015,70%,U.S.A.,2.75
1041,Map Chocolate,"A case of the Xerces Blues, triple roast",2015,70%,U.S.A.,3.5
1042,Map Chocolate,"Tumbes, Dear Mr. Finley, 2014",2015,68%,U.S.A.,3.5
1043,Map Chocolate,Colombia,2015,75%,U.S.A.,2.75
1044,Map Chocolate,"Kakoa Kamili, Both Man & Bird & Beast",2015,72%,U.S.A.,3
1045,Map Chocolate,Le Chocolat Chaud,2015,78%,U.S.A.,3.5
1046,Marana,Piura,2016,70%,Peru,3
1047,Marana,Cusco,2016,70%,Peru,2.75
1048,Marana,San Martin,2016,70%,Peru,3
1049,Marigold's Finest,Cacao Nib Crunch,2016,75%,Canada,3.25
1050,Marou,"Tan Phu Dong Island, Heart of Darkness",2015,85%,Vietnam,3.25
1051,Marou,Ben Tre,2015,68%,Vietnam,3.5
1052,Marou,"Dak Lak, Batch 2451",2015,70%,Vietnam,3.75
1053,Marou,"Tan Phu Dong, Treasure Island",2013,75%,Vietnam,3.5
1054,Marou,Ba Ria,2012,76%,Vietnam,3.5
1055,Marou,Dong Nai,2012,72%,Vietnam,3.5
1056,Marou,"Tien Giang, Gao Co-op",2012,70%,Vietnam,3.5
1057,Marou,Ben Tre,2012,78%,Vietnam,3.5
1058,Marou,Tien Giang,2012,80%,Vietnam,3
1059,Marou,Lam Dong,2012,74%,Vietnam,3.5
1060,Mars,"Matina 1-6, prototype",2010,65%,U.S.A.,3
1061,Mars,Ivory Coast,2010,65%,U.S.A.,3
1062,Mars,Nigeria,2010,65%,U.S.A.,3.25
1063,Mars,"Ghana, prototype",2010,65%,U.S.A.,3.5
1064,Marsatta,Dominican Republic,2013,74%,U.S.A.,2.25
1065,Marsatta,Dominican Republic,2013,89%,U.S.A.,2.5
1066,Martin Mayer,Alto Beni,2016,76%,Austria,2.75
1067,Martin Mayer,Pisa,2016,82%,Austria,3
1068,Martin Mayer,Tumaco,2016,74%,Austria,3.25
1069,Mast Brothers,Guatemala,2015,76%,U.S.A.,3
1070,Mast Brothers,Tanzania,2015,74%,U.S.A.,3.25
1071,Mast Brothers,French Laundry 20th Anniversary,2014,75%,U.S.A.,3.75
1072,Mast Brothers,Shake Shack,2012,73%,U.S.A.,3.5
1073,Mast Brothers,Madagascar,2012,72%,U.S.A.,2.5
1074,Mast Brothers,Chuao,2012,73%,U.S.A.,2.75
1075,Mast Brothers,Brooklyn Blend,2011,72%,U.S.A.,3.5
1076,Mast Brothers,"Chuao, Med. Roast",2011,76%,U.S.A.,3
1077,Mast Brothers,"Chuao, Dark Roast",2011,70%,U.S.A.,3
1078,Mast Brothers,"Chuao, Light Roast",2011,81%,U.S.A.,2.75
1079,Mast Brothers,Moho River,2011,70%,U.S.A.,3.5
1080,Mast Brothers,Papua New Guinea,2011,71%,U.S.A.,2.75
1081,Mast Brothers,San Martin,2011,75%,U.S.A.,3
1082,Mast Brothers,Conacado,2011,73%,U.S.A.,3.25
1083,Mast Brothers,"La Red de Guanconejo, N. Highlands coop",2011,74%,U.S.A.,3.75
1084,Mast Brothers,Patanemo,2010,81%,U.S.A.,2.75
1085,Mast Brothers,Ocumare de la Costa,2010,75%,U.S.A.,3
1086,Mast Brothers,"Dominican Republic, Coop",2010,70%,U.S.A.,3.25
1087,Matale,"Malekula P., 2013",2013,72%,Australia,3.5
1088,Matale,"Somia, 2013",2013,68%,Australia,4
1089,Matale,"Kulili P., 2013",2013,74%,Australia,4
1090,Matale,Blend,2013,70%,Australia,3.75
1091,Maverick,Maya Mountain,2014,70%,U.S.A.,3.25
1092,Maverick,Elvesia,2014,70%,U.S.A.,3.25
1093,Maverick,Tumbes,2014,82%,U.S.A.,3.25
1094,Maverick,"Morropon, Norandiono Coop, Piura",2014,63%,U.S.A.,3.5
1095,Mayacama,Hispaniola,2016,72%,U.S.A.,3
1096,Meadowlands,Bolivia,2014,70%,U.S.A.,2.5
1097,Meadowlands,Venezuela,2014,70%,U.S.A.,2.75
1098,Meadowlands,Belize,2014,70%,U.S.A.,3
1099,Meadowlands,"Nicaragua, w/ inbs",2014,70%,U.S.A.,3
1100,Meadowlands,Dominican Republic,2014,70%,U.S.A.,3.5
1101,Menakao (aka Cinagra),Madagascar,2012,80%,Madagascar,2.5
1102,Menakao (aka Cinagra),Madagascar,2012,72%,Madagascar,2.5
1103,Mesocacao,El Salvador,2015,80%,Honduras,2.75
1104,Mesocacao,El Salvador,2015,70%,Honduras,3
1105,Mesocacao,Honduras,2014,80%,Honduras,3.25
1106,Mesocacao,Honduras,2014,70%,Honduras,3.5
1107,Mesocacao,"La Tronca, Matagalpa",2014,70%,Honduras,3.25
1108,Mesocacao,"La Tronca, Matagalpa",2014,80%,Honduras,3.5
1109,Metiisto,"Fazenda Sempre Firme P., Bahia",2014,70%,Sweden,3
1110,Metiisto,Akesson Estate,2014,72%,Sweden,3.5
1111,Metropolitan,South America,2015,70%,Amsterdam,3.5
1112,Michel Cluizel,"Chiapas, Mokaya P.",2012,66%,France,3.75
1113,Michel Cluizel,"Carenero Superior, Concepcion",2007,66%,France,3.5
1114,Michel Cluizel,Vila Gracinda,2007,67%,France,3.5
1115,Michel Cluizel,Carre Amer,2006,60%,France,2
1116,Michel Cluizel,Carre Grand Noir,2006,85%,France,2
1117,Michel Cluizel,Tamarina,2006,70%,France,3
1118,Michel Cluizel,Los Ancones P.,2006,67%,France,4
1119,Michel Cluizel,Mangaro P.,2006,65%,France,4
1120,Michel Cluizel,Maralumi P.,2006,64%,France,4
1121,Michel Cluizel,Noir Infini,2006,99%,France,2
1122,Middlebury,Maya Mountain,2015,80%,U.S.A.,3.5
1123,Middlebury,San Juan Estate,2015,70%,U.S.A.,3.5
1124,Middlebury,Oko Caribe,2015,75%,U.S.A.,3.75
1125,Middlebury,"Patanemo, Epoch, Donaldo",2015,75%,U.S.A.,3.75
1126,Middlebury,Kokoa Kamili,2015,75%,U.S.A.,3.25
1127,Middlebury,"Matagalpa, Cacao Bisiesto",2015,70%,U.S.A.,3.5
1128,Middlebury,La Red,2013,75%,U.S.A.,2.5
1129,Middlebury,Belize,2013,80%,U.S.A.,3.25
1130,Middlebury,Houseblend,2012,65%,U.S.A.,1.5
1131,Middlebury,Alto Beni,2012,75%,U.S.A.,2
1132,Middlebury,"Balinese, Java",2012,70%,U.S.A.,2.5
1133,Millcreek Cacao Roasters,Ecuador,2013,70%,U.S.A.,2.5
1134,Millcreek Cacao Roasters,Ecuador,2012,70%,U.S.A.,3.5
1135,Mindo,Ecuador,2010,67%,U.S.A.,2.75
1136,Mindo,Ecuador,2010,77%,U.S.A.,2.75
1137,Minimal,"Acul-du-Nord, 2015",2016,70%,Japan,3.5
1138,Mission,"Fazenda Camboa, Bahia",2016,75%,Brazil,3.75
1139,Mission,"Bahia, Fazenda Venturosa",2015,70%,Brazil,3.5
1140,Mita,Tumaco,2012,65%,Colombia,2.5
1141,Moho,"Toledo District, w/ nibs",2013,73%,U.S.A.,3.25
1142,Moho,Toledo District,2013,72%,U.S.A.,3
1143,Moho,"Umoho R., Toledo District, San Felipe",2010,67%,U.S.A.,2.75
1144,Molucca,La Red,2015,70%,U.S.A.,3
1145,Molucca,Indonesia,2015,70%,U.S.A.,2.75
1146,Molucca,Peru,2015,70%,U.S.A.,3.25
1147,Momotombo,Matagalpa,2011,70%,Nicaragua,2.75
1148,Momotombo,Mombacho,2011,70%,Nicaragua,2.75
1149,Momotombo,Oscuro,2011,70%,Nicaragua,3.25
1150,Monarque,Oko Caribe,2016,72%,Canada,3.5
1151,Monsieur Truffe,Papaua New Guinea,2014,70%,Australia,3.25
1152,Montecristi,Manabi,2015,70%,Ecuador,3.25
1153,Montecristi,Manabi,2015,63%,Ecuador,3.5
1154,Montecristi,Manabi,2015,85%,Ecuador,3.5
1155,Muchomas (Mesocacao),Nicaragua,2015,70%,U.S.A.,3.5
1156,Muchomas (Mesocacao),Nicaragua,2015,80%,U.S.A.,3.5
1157,Mutari,"Kokoa Kamili, batch 1 SRB",2016,68%,U.S.A.,2.75
1158,Mutari,"Oko Caribe, batch 1 SRB",2016,71%,U.S.A.,2.75
1159,Mutari,"Ambanja, batch 1 SRB",2016,68%,U.S.A.,2.75
1160,Mutari,"Tien Giang, batch 1 SRB",2016,80%,U.S.A.,3
1161,Nahua,"Costa Rica, Oscuro",2013,58%,Costa Rica,2.5
1162,Nahua,"Costa Rica, Oscuro",2013,70%,Costa Rica,3
1163,Naive,Trinidad & Tobago,2013,70%,Lithuania,3.75
1164,Naive,"Maranon Canyon, Fortunato No. 4",2013,78%,Lithuania,3.75
1165,Naive,Grenada,2012,71%,Lithuania,2.5
1166,Nave,Nicaragua,2014,70%,Lithuania,3.25
1167,Nave,Chuao,2014,75%,Lithuania,2.75
1168,Nave,Barinas,2014,70%,Lithuania,3
1169,Nanea,Criollo Blend,2013,85%,U.S.A.,3.5
1170,Nathan Miller,Peru,2014,72%,U.S.A.,2.25
1171,Nathan Miller,Hispaniola,2014,70%,U.S.A.,2.5
1172,Nathan Miller,Madagascar,2014,73.50%,U.S.A.,2.5
1173,Nathan Miller,Ghana,2014,70%,U.S.A.,3.5
1174,Neuhaus (Callebaut),Papua New Guinea,2010,70%,Belgium,2.5
1175,Neuhaus (Callebaut),Manickchand Estate,2008,67%,Belgium,3.75
1176,Neuhaus (Callebaut),Dark,2007,73%,Belgium,1
1177,Neuhaus (Callebaut),West Africa,2006,73%,Belgium,2
1178,Neuhaus (Callebaut),Sao Tome,2006,75%,Belgium,2.75
1179,Neuhaus (Callebaut),Ocumare,2006,71%,Belgium,3
1180,Nibble,Patanemo,2015,72%,U.S.A.,2.25
1181,Nibble,Elvesia P.,2015,72%,U.S.A.,2.75
1182,Nibble,"Ambanja, Sambirano Valley",2015,72%,U.S.A.,3
1183,Nibble,Tumbes,2015,72%,U.S.A.,3
1184,Night Owl,Peru,2013,75%,U.S.A.,2.75
1185,Night Owl,Ecuador,2013,75%,U.S.A.,3.5
1186,Noble Bean aka Jerjobo,Ghana,2014,75%,U.S.A.,3
1187,Noble Bean aka Jerjobo,Moho Valley,2014,75%,U.S.A.,3
1188,Noble Bean aka Jerjobo,Maranon Canyon,2014,75%,U.S.A.,3.25
1189,Noir d' Ebine,Venezuela,2012,70%,U.S.A.,3
1190,Noir d' Ebine,Ecuador,2012,70%,U.S.A.,3
1191,Nova Monda,"La Patriota, cacao Indio, purple label",2012,70%,Nicaragua,3
1192,Nova Monda,"La Dalia, Matagalpa,cacao Bisesto,green label",2012,75%,Niacragua,2.75
1193,Nova Monda,"Punta Galera, cacao Nacional, gold label",2012,80%,Nicaragua,3.25
1194,Nuance,"Ghana, 2013",2015,70%,U.S.A.,3.75
1195,Nuance,"Ecuador, 2013",2015,70%,U.S.A.,2.75
1196,Nuance,"Canoabo, 2013",2015,70%,U.S.A.,3
1197,Nuance,"Sambirano Valley, 2012",2015,70%,U.S.A.,3.5
1198,Nuance,La Red,2015,70%,U.S.A.,3.75
1199,Nugali,Fazenda Leolinda,2016,70%,Brazil,3.5
1200,Oakland Chocolate Co.,Jamaica,2010,70%,U.S.A.,2.5
1201,Obolo,Pangoa,2015,70%,Chile,3.75
1202,Obolo,"Pangoa, w/ nibs",2015,70%,Chile,3.75
1203,Ocelot,Virunga,2015,70%,Scotland,3.75
1204,Ocelot,Piura,2015,75%,Scotland,4
1205,Ocho,Sang Yum Coop,2016,100%,New Zealand,2.75
1206,Ocho,Sang Yum Coop,2016,70%,New Zealand,3.5
1207,Ocho,"PNG, Devotion",2014,66%,New Zealand,2.75
1208,Ocho,"PNG, Revolution",2014,70%,New Zealand,3
1209,Ocho,"PNG, Voodoo",2014,88%,New Zealand,3.25
1210,Ocho,"PNG, Nib Bar",2014,74%,New Zealand,3.5
1211,Ohiyo,"San Juan Estate, Gran Couva",2015,70%,U.S.A.,2.75
1212,Ohiyo,Tanzania,2015,70%,U.S.A.,3
1213,Oialla by Bojessen (Malmo),"Sylvestre, Oialla",2011,70%,Germany,3.5
1214,Olive and Sinclair,Dominican Republic prototype,2010,72%,U.S.A.,3
1215,Olive and Sinclair,Ghana prototype,2010,72%,U.S.A.,3
1216,Olive and Sinclair,Dark 67,2009,67%,U.S.A.,2.75
1217,Olive and Sinclair,Dark 75,2009,75%,U.S.A.,3
1218,Olivia,Carribean-Raw,2011,76%,Canada,2
1219,Olivia,Carribean,2011,76%,Canada,2.75
1220,Olivia,Carribean,2011,85%,Canada,2.75
1221,Olivia,Carribean-Raw,2011,85%,Canada,3
1222,Omanhene,Ghana,2011,80%,Ghana,2.75
1223,Omnom,"Kakao Kamili, Kilombero Valley",2016,70%,Iceland,3.75
1224,Omnom,Papua New Guinea,2014,70%,Iceland,3
1225,Omnom,Madagascar,2014,66%,Iceland,3.5
1226,organicfair,Maya Mountain,2013,74%,Canada,2.75
1227,organicfair,La Red,2013,72%,Canada,2.75
1228,organicfair,Nicaraqua,2013,72%,Canada,2.75
1229,organicfair,Caribe,2013,72%,Canada,3
1230,organicfair,Mindo,2013,72%,Canada,3
1231,Original Beans (Felchlin),Papua Kerafat,2014,68%,Switzerland,2.75
1232,Original Beans (Felchlin),"Grand Cru Blend No.1, 5 yr. Anniversary Ed",2014,80%,Switzerland,3.25
1233,Original Beans (Felchlin),"Alto Beni, Wild Harvest, Itenez R. 24hr c.",2011,66%,Switzerland,3.75
1234,Original Beans (Felchlin),"D.R. Congo, Cru Virunga",2009,70%,Switzerland,3
1235,Original Beans (Felchlin),"Piura, Apotequil, ""Porcelana"" 72hr c.",2009,75%,Switzerland,3
1236,Original Beans (Felchlin),"Alto Beni, Wild Harvest, Itenez R., 60hr c.",2009,68%,Switzerland,3.25
1237,Original Hawaiin Chocolate Factory,"Hawai'i, Kona Grand Cru E.",2009,60%,U.S.A.,3
1238,Original Hawaiin Chocolate Factory,"Hawai'i, Kona Estate Grown",2006,60%,U.S.A.,3
1239,Orquidea,Peru,2012,65%,Peru,3
1240,Orquidea,Peru,2012,72%,Peru,3
1241,Pacari,"Sierra Nevada, Tutu Iku",2016,70%,Ecuador,4
1242,Pacari,Garaua,2014,70%,Ecuador,3.25
1243,Pacari,Cumbia,2014,70%,Ecuador,3.5
1244,Pacari,Montubia,2014,70%,Ecuador,3.75
1245,Pacari,Tangara,2014,70%,Ecuador,4
1246,Pacari,"Ecuador, raw",2012,85%,Ecuador,2.75
1247,Pacari,Piura,2012,70%,Ecuador,4
1248,Pacari,Nube- prototype,2011,70%,Ecuador,3.5
1249,Pacari,Esmeraldas,2008,60%,Ecuador,2.5
1250,Pacari,Manabi,2008,65%,Ecuador,2.75
1251,Pacari,Los Rios,2008,72%,Ecuador,3
1252,Pacari,Raw,2008,100%,Ecuador,2
1253,Pacari,Raw,2008,70%,Ecuador,3.5
1254,Palette de Bine,Lachua,2016,70%,Canada,2.75
1255,Palette de Bine,Maya Mtn,2016,72%,Canada,3
1256,Palette de Bine,"Silvestre, La Paz, Beni",2015,70%,Canada,3.25
1257,Palette de Bine,"San Juan Estate, Gran Couva",2015,70%,Canada,3.25
1258,Palette de Bine,Kokoa Kamili,2015,72%,Canada,3.5
1259,Palette de Bine,Lam Dong,2015,72%,Canada,3.75
1260,Palette de Bine,"Alto Beni, Palos Blancos",2014,72%,Canada,2.75
1261,Palette de Bine,Sambirano,2014,78%,Canada,3.75
1262,Palette de Bine,"Camino Verde P., Balao, Guayas",2014,75%,Canada,2.75
1263,Palette de Bine,Duo- Gran Couva & Camino Verde,2014,75%,Canada,3.5
1264,Palette de Bine,Gran Couva,2014,70%,Canada,3.75
1265,Pangea,Matasawalevu,2016,76%,Spain,3
1266,Park 75,South America,2014,65%,U.S.A.,3.5
1267,Parliament,Kilombero Valley,2016,70%,U.S.A.,3.25
1268,Parliament,"Lachua, Q'egchi families",2015,70%,U.S.A.,3.5
1269,Parliament,Alto Beni,2014,70%,U.S.A.,3
1270,Parliament,Oko Caribe,2014,70%,U.S.A.,3.5
1271,Pascha,Peru,2013,55%,Peru,2.5
1272,Pascha,Peru,2013,70%,Peru,2.75
1273,Patric,Signature Blend,2011,70%,U.S.A.,3.75
1274,Patric,Madagascar,2009,75%,U.S.A.,4
1275,Patric,Madagascar,2009,67%,U.S.A.,3.5
1276,Patric,"Rio Caribe, Paria Penninsula",2009,70%,U.S.A.,3.5
1277,Patric,Madagascar,2007,70%,U.S.A.,4
1278,Patric,"Piura, Choc. Garage Exclusive",2013,67%,U.S.A.,4
1279,Paul Young,"Madagascar, w/ shell",2014,73%,U.K.,2.25
1280,Paul Young,"Madagascar, w/ shell",2014,64%,U.K.,2.75
1281,Peppalo,Dominican Republic,2015,82%,U.S.A.,3
1282,Pierre Marcolini,"Haut Penja, w/ nibs",2015,70%,Belgium,3.25
1283,Pierre Marcolini,Chuao,2010,75%,Belgium,3
1284,Pierre Marcolini,Trinite,2010,75%,Belgium,3.25
1285,Pierre Marcolini,"Baracoa, Cuba",2010,78%,Belgium,3.75
1286,Pierre Marcolini,"Peru, Las Pampas P.",2010,85%,Belgium,3
1287,Pierre Marcolini,"Bahia Brazil, Fazenda Sao Pedro",2009,72%,Belgium,3
1288,Pierre Marcolini,"Porcelana, Tabasco, Finca La Joya",2009,72%,Belgium,3
1289,Pierre Marcolini,Cabosse,2007,70%,Belgium,4
1290,Pierre Marcolini,"Los Rios, Puerto Romero, Equateur",2007,72%,Belgium,3.75
1291,Pierre Marcolini,"Sambirano, Ambanja, Madagascar",2007,72%,Belgium,4
1292,Pierre Marcolini,Fleur de Cacao,2007,85%,Belgium,3.5
1293,Pierre Marcolini,"Porcelana, Tabasco, Limited Ed.",2006,72%,Belgium,4
1294,Pierre Marcolini,"Kendem Lembu, Java",2006,72%,Belgium,3
1295,Pierre Marcolini,"Ocumare, Puerto Cabello, Venezuela",2006,72%,Belgium,4
1296,Pinellas,Wampusirpi Region,2016,80%,U.S.A.,2.5
1297,Pitch Dark,Tenor,2015,62%,U.S.A.,2.5
1298,Pitch Dark,Johe,2015,80%,U.S.A.,2.75
1299,Pitch Dark,Chuno,2015,80%,U.S.A.,2.75
1300,Pitch Dark,Nicalizo,2015,80%,U.S.A.,2.75
1301,Pitch Dark,Rugoso,2015,80%,U.S.A.,3.25
1302,Pitch Dark,Akesson Estate,2014,73%,U.S.A.,3.25
1303,Pitch Dark,Namau Village,2014,73%,U.S.A.,2.5
1304,Pitch Dark,"Camino Verde P., Balao, Guayas, ""Fruity""",2014,73%,U.S.A.,3.25
1305,Pitch Dark,"Camino Verde P., Balao, Guayas, ""Floral""",2014,73%,U.S.A.,3.5
1306,Pomm (aka Dead Dog),"La Red, 2011",2012,76%,U.S.A.,2.5
1307,Pomm (aka Dead Dog),Peru,2012,82%,U.S.A.,2.75
1308,Potomac,"Oko Caribe, Duarte Province, 2016 H.",2016,70%,U.S.A.,3.75
1309,Potomac,"Cuyagua, 2013",2014,70%,U.S.A.,3.75
1310,Potomac,Upala w/ nibs,2011,70%,U.S.A.,3.5
1311,Potomac,"Upala, Batch 18",2011,70%,U.S.A.,3
1312,Potomac,"San Martin, Amazonian Highlands",2011,70%,U.S.A.,2.75
1313,Potomac,Bahia,2011,70%,U.S.A.,3.5
1314,Potomac,"Upala, Batch 12",2010,82%,U.S.A.,3.75
1315,Pralus,Peru,2015,75%,France,3.25
1316,Pralus,"Porcelana, S. of Lake Maracaibo",2011,75%,France,3.25
1317,Pralus,Chuao,2010,75%,France,3.5
1318,Pralus,Cuyagua,2009,75%,France,2
1319,Pralus,Papouasie,2008,75%,France,3
1320,Pralus,"Sambirano Valley, Le 100%",2008,100%,France,3
1321,Pralus,Dominican Republic-Organic,2008,75%,France,2
1322,Pralus,"Monte Alegre, Diego Badero",2008,75%,France,3.5
1323,Pralus,Claudio Corallo w/ nibs,2007,75%,France,4
1324,Pralus,"Monte Alegre (Itacare), Brazil",2006,75%,France,3
1325,Pralus,Tanzania,2006,75%,France,3.5
1326,Pralus,Sao Tome & Principe,2006,75%,France,3.5
1327,Pralus,Trinidad,2006,75%,France,3.5
1328,Pralus,"Madagascar, Nosy Be Isle.",2006,75%,France,3.75
1329,Pralus,"Java, Indonesie",2006,75%,France,3.5
1330,Pralus,"Barlovento, Venezuela",2006,75%,France,3.5
1331,Pralus,Jamaique,2006,75%,France,4
1332,Pralus,Equateur,2006,75%,France,3
1333,Pralus,Vanuatu,2006,75%,France,3
1334,Pralus,Ghana,2006,75%,France,3.25
1335,Pralus,Colombie,2006,75%,France,3.5
1336,Pralus,Fortissima,2006,80%,France,4
1337,Pralus,Cuba,2006,75%,France,3
1338,Pralus,"Caracas, Venezuela and Ghana",2006,75%,France,3
1339,Pralus,"Djakarta, Java and Ghana",2006,75%,France,3.5
1340,Pump Street Bakery,"Chocoan Rainforest, Teroro Escondido, ESM",2016,77%,U.K.,3.5
1341,Pump Street Bakery,"Crayfish Bay Estate, 2014",2015,70%,U.K.,3.5
1342,Pump Street Bakery,"Akesson's, batch 4411",2015,74%,U.K.,3.5
1343,Pump Street Bakery,Honduras,2015,80%,U.K.,2.75
1344,Pump Street Bakery,"Patanemo Vil., Carabobo State, Tisano family",2014,75%,U.K.,2.75
1345,Pump Street Bakery,Guantupi River,2014,75%,U.K.,3
1346,Pump Street Bakery,"Akessons Estate, Sambirano, Ambanja",2014,72%,U.K.,3.25
1347,Pump Street Bakery,Guantupi River,2014,85%,U.K.,2.75
1348,Pura Delizia,Venezuela,2012,73%,Italy,2.75
1349,Q Chocolate,Brazil,2013,75%,Brazil,3.25
1350,Q Chocolate,Brazil,2013,85%,Brazil,3.5
1351,Q Chocolate,Brazil,2013,55%,Brazil,2.75
1352,Q Chocolate,Brazil,2013,80%,Brazil,3.25
1353,Q Chocolate,Brazil,2012,60%,Brazil,3
1354,Q Chocolate,Brazil,2012,65%,Brazil,3.25
1355,Quetzalli (Wolter),"Mexico, Lot 28022016",2016,70%,Mexico,2.75
1356,Quetzalli (Wolter),"Uranga, Lot 22032016",2016,74%,Mexico,3
1357,Raaka,Amazon Basin Blend,2016,70%,U.S.A.,3
1358,Raaka,Virunga,2015,75%,U.S.A.,2.75
1359,Raaka,Madagascar,2012,75%,U.S.A.,3.25
1360,Raaka,La Red,2011,85%,U.S.A.,3.5
1361,Rain Republic,Suchitepequez E.,2010,70%,Guatemala,2.75
1362,Rancho San Jacinto,Ecuador,2010,75%,Eucador,3
1363,Ranger,"San Martin, Batch 2",2015,70%,U.S.A.,2.5
1364,Ranger,"Chulucanas, Batch 1",2015,80%,U.S.A.,3.25
1365,Ranger,"Tumbes, Batch 2",2015,73%,U.S.A.,3.5
1366,Raoul Boulanger,Piura,2016,75%,France,3.25
1367,Raw Cocoa,Raw,2012,70%,Poland,2.5
1368,Republica del Cacao (aka Confecta),Esmeraldas,2010,75%,Ecuador,3.25
1369,Republica del Cacao (aka Confecta),"Los Rios, Vinces",2009,75%,Ecuador,2.5
1370,Republica del Cacao (aka Confecta),Manabi,2007,75%,Ecuador,3
1371,Republica del Cacao (aka Confecta),El Oro,2007,67%,Ecuador,3.5
1372,Republica del Cacao (aka Confecta),Los Rios,2007,75%,Ecuador,3.75
1373,Ritual,"Camino Verde P., Balao, 2015 harvest, batch8",2016,75%,U.S.A.,3.75
1374,Ritual,"Camino Verde P., Balao, Guayas, 2014",2015,85%,U.S.A.,3.5
1375,Ritual,"Mid Mountain, 2014",2015,70%,U.S.A.,3.5
1376,Ritual,"Toledo District, Maya",2013,75%,U.S.A.,3.75
1377,Ritual,"Maranon, Cajamarca",2013,75%,U.S.A.,3
1378,Ritual,Sambirano,2012,75%,U.S.A.,4
1379,Ritual,"Camino Verde P., 2012, Balao, Guayas",2012,75%,U.S.A.,3.25
1380,Ritual,Gran Couva,2012,75%,U.S.A.,3.5
1381,Ritual,Costa Rica,2011,75%,U.S.A.,3.5
1382,Roasting Masters,"La Dorado, light roast",2016,70%,South Korea,3.25
1383,Roasting Masters,"Tapanti, light roast",2016,70%,South Korea,3.25
1384,Roasting Masters,Maleku,2016,70%,South Korea,3.25
1385,Robert (aka Chocolaterie Robert),Madagascar,2013,75%,Madagascar,3.25
1386,Robert (aka Chocolaterie Robert),Madagascar w/ nibs,2013,68%,Madagascar,3.25
1387,Rococo (Grenada Chocolate Co.),"Gru Grococo, St. Andrews",2012,66%,U.K.,3.5
1388,Rogue,"La Masica, Batch 1, FHIA Research Center",2016,75%,U.S.A.,3.75
1389,Rogue,"Caranero, Choc. Garage Exclusive",2015,70%,U.S.A.,3.75
1390,Rogue,"Tranquilidad, Batch 1",2015,75%,U.S.A.,3.25
1391,Rogue,Porcelana,2014,80%,U.S.A.,3.75
1392,Rogue,"Akessons Estate, Sambirano, 2013",2013,70%,U.S.A.,3.5
1393,Rogue,"Hispaniola, 2013",2013,70%,U.S.A.,3.5
1394,Rogue,"Silvestre, Batch 7, 2013",2013,75%,U.S.A.,4
1395,Rogue,"Bachelor's Hall E., St. Thomas Parish",2013,75%,U.S.A.,3.75
1396,Rogue,"Camino Verde P., Balao, Guayas",2012,75%,U.S.A.,3.75
1397,Rogue,"Silvestre, Batch 1, 2011",2011,75%,U.S.A.,3
1398,Rogue,Piura,2010,75%,U.S.A.,3.75
1399,Rogue,Rio Caribe,2009,70%,U.S.A.,3.5
1400,Rogue,"Hispaniola, 2008",2008,70%,U.S.A.,2.75
1401,Rogue,Jamaica,2008,70%,U.S.A.,2.75
1402,Rogue,"Sambirano, 2008",2008,70%,U.S.A.,2.75
1403,Rogue,Trinidad,2008,70%,U.S.A.,3
1404,Rozsavolgyi,Sur del Lago,2012,84%,Hungary,2.5
1405,Rozsavolgyi,"Rio Caribe Superior, Paria Penninsula",2012,76%,Hungary,2.25
1406,Rozsavolgyi,"Sambirano, Akesson Estate",2012,72%,Hungary,2.5
1407,Rozsavolgyi,Carenero Superior,2011,73%,Hungary,3.5
1408,Rozsavolgyi,Porcelana,2011,71%,Hungary,2.5
1409,Rozsavolgyi,"Aragua, Trincheras",2011,70%,Hungary,3.5
1410,Rozsavolgyi,Principe,2011,77%,Hungary,2.75
1411,S.A.I.D.,Malgascio,2010,64%,Italy,3.5
1412,S.A.I.D.,100 percent,2010,100%,Italy,1.5
1413,S.A.I.D.,Samana,2010,70%,Italy,3
1414,S.A.I.D.,Arawak,2010,72%,Italy,3.5
1415,S.A.I.D.,Latino,2010,72%,Italy,3.5
1416,Sacred,Midnight,2012,83%,U.S.A.,2.75
1417,Sacred,Twilight,2012,69%,U.S.A.,3.25
1418,Salgado,Bahia Superior,2008,70%,Argentina,3.5
1419,Salgado,Esmeraldas,2008,70%,Argentina,3.5
1420,Salgado,Carenero Superior,2008,70%,Argentina,3.5
1421,Salgado,Rio Arriba,2008,70%,Argentina,3.5
1422,Santander (Compania Nacional),Colombian 2008,2009,75%,Colombia,2.75
1423,Santander (Compania Nacional),Colombian w/ nibs,2009,70%,Colombia,3
1424,Santander (Compania Nacional),Colombian Semi Dark,2006,53%,Colombia,2
1425,Santander (Compania Nacional),Colombian,2006,65%,Colombia,3
1426,Santander (Compania Nacional),Colombian Dark,2006,70%,Colombia,4
1427,Santome,Sao Tome,2011,70%,France,2.75
1428,Scharffen Berger,San Juan de Cheni,2012,78%,U.S.A.,4
1429,Scharffen Berger,Markham Valley,2011,68%,U.S.A.,3.75
1430,Scharffen Berger,Camahogne,2010,68%,U.S.A.,3.5
1431,Scharffen Berger,Amina,2010,65%,U.S.A.,3.75
1432,Scharffen Berger,Tome Acu,2009,68%,U.S.A.,3.75
1433,Scharffen Berger,Asante,2009,65%,U.S.A.,4
1434,Scharffen Berger,Ben Tre,2009,72%,U.S.A.,3.75
1435,Scharffen Berger,Finisterra,2008,72%,U.S.A.,3
1436,Scharffen Berger,Las Islas,2007,72%,U.S.A.,3
1437,Scharffen Berger,Nibby,2007,62%,U.S.A.,3
1438,Scharffen Berger,Cuyagua,2007,75%,U.S.A.,3.75
1439,Scharffen Berger,Antilles (Trin/Gren/DR/Ven),2007,75%,U.S.A.,3
1440,Scharffen Berger,Extra Dark,2006,82%,U.S.A.,2
1441,Scharffen Berger,Bittersweet,2006,70%,U.S.A.,3.5
1442,Scharffen Berger,Kumasi Sambirano,2006,68%,U.S.A.,2
1443,Scharffen Berger,Jamaica a l'ancienne,2006,70%,U.S.A.,2
1444,Scharffen Berger,Semisweet,2006,62%,U.S.A.,3
1445,Seaforth,Dominican Republic,2015,70%,U.K.,2.75
1446,Seaforth,Grenada,2015,70%,U.K.,2.75
1447,Shark Mountain,Jamaica,2015,72%,U.S.A.,3.25
1448,Shark Mountain,Papua New Guinea,2015,73%,U.S.A.,3.5
1449,Shark Mountain,Cuyagua,2015,77%,U.S.A.,2.75
1450,Shark Mountain,ROIG,2015,74%,U.S.A.,3.5
1451,Shark Mountain,Ecuador,2014,75%,U.S.A.,3
1452,Shark Mountain,"Belize, 2013",2014,72%,U.S.A.,3.25
1453,Shark's,Hilo,2011,73%,U.S.A.,2
1454,Shark's,"Hilo, w/ added cocoa butter",2011,73%,U.S.A.,2.5
1455,Shattel,Tingo Maria,2016,70%,Peru,3.25
1456,Shattell,Porcelana,2011,75%,Peru,3.5
1457,Sibu,Oro,2015,82%,Costa Rica,3.25
1458,Sibu,Oscuro,2015,70%,Costa Rica,3.5
1459,Sibu Sura,Peru,2012,70%,U.S.A.,2.5
1460,Silvio Bessone,Maya Belize,2011,67%,Italy,3
1461,Silvio Bessone,"Trintade, Sao Tome",2011,65%,Italy,3.25
1462,Silvio Bessone,"Bahia, Scavina",2011,60%,Italy,3.25
1463,Silvio Bessone,"Porcelana, Colombia, Amazonas",2011,68%,Italy,3
1464,Sirene,Wild Bolivia,2016,73%,Canada,3.5
1465,Sirene,Kokoa Kamili Coop,2016,73%,Canada,3.5
1466,Sirene,"Esmeraldas, Salazar Farm",2016,73%,Canada,3.75
1467,Sirene,"Somia Plantation, 2012",2015,100%,Canada,3
1468,Sirene,"Camino Verde P., Balao, Guayas, 2012",2015,100%,Canada,3
1469,Sirene,Lachua w/ cane sugar,2015,73%,Canada,3
1470,Sirene,"Lachua w/ maple sugar, batch 5",2015,73%,Canada,3.25
1471,Sirene,Pisa,2015,73%,Canada,3.25
1472,Sirene,"Somia Plantation, 2012",2014,67%,Canada,3.75
1473,Sirene,"Somia Plantation, 2012",2014,73%,Canada,3.75
1474,Sirene,"Camino Verde P., Balao, Guayas",2014,73%,Canada,3.75
1475,Sjolinds,Ghana,2015,70%,U.S.A.,2.75
1476,Sjolinds,Nicaragua,2015,72%,U.S.A.,3
1477,"Smooth Chocolator, The","Oko Caribe, DOR005",2017,70%,Australia,3.5
1478,"Smooth Chocolator, The","Guasare, La Sierra de Perija, batch gua001",2016,70%,Australia,3.75
1479,"Smooth Chocolator, The","Porcelana, Sorotaima,Machiques,batch pcl001",2016,70%,Australia,4
1480,"Smooth Chocolator, The","Maya Mtn, Moho R., Toledo D.",2016,70%,Australia,3.75
1481,"Smooth Chocolator, The",Tien Giang,2016,70%,Australia,3
1482,"Smooth Chocolator, The",Australia,2016,67%,Australia,3.75
1483,"Smooth Chocolator, The","Chimelb, Lanquin, Alta Verapaz, b-GUA001",2016,70%,Australia,3.25
1484,"Smooth Chocolator, The",Akesson's Estate,2015,65%,Australia,3.25
1485,"Smooth Chocolator, The",Akesson's Estate,2015,70%,Australia,3.5
1486,"Smooth Chocolator, The",Kokoa Kamili,2015,67%,Australia,3.75
1487,"Smooth Chocolator, The",San Juan Estate,2015,70%,Australia,3.75
1488,"Smooth Chocolator, The",Camino Verde,2015,72%,Australia,4
1489,"Smooth Chocolator, The",Bolivia,2015,72%,Australia,2.75
1490,"Smooth Chocolator, The","Papua New Guinea, triple roast, batch 1",2015,65%,Australia,3.5
1491,"Smooth Chocolator, The","Maranon, batch 2",2015,67%,Australia,3
1492,"Smooth Chocolator, The","Chuao, batch 3",2015,70%,Australia,3.75
1493,Snake & Butterfly,Ghana,2011,67%,U.S.A.,1.5
1494,Snake & Butterfly,Madagascar,2010,68%,U.S.A.,3
1495,Snake & Butterfly,Ecuador,2010,68%,U.S.A.,3.25
1496,Sol Cacao,"Ecuador, Batch 1",2016,70%,U.S.A.,3.5
1497,Sol Cacao,Madagascar,2015,72%,U.S.A.,3
1498,Solkiki,"Maranon, Fortunato No. 4",2016,68%,U.K.,2.75
1499,Solkiki,"Castillo, Hispaniola, unroasted",2016,85%,U.K.,2.75
1500,Solomons Gold,Solomon Island,2016,70%,New Zealand,3.25
1501,Solomons Gold,Solomon Island w/ nibs,2016,75%,New Zealand,3.25
1502,Solstice,Bundibugyo,2014,70%,U.S.A.,3
1503,Solstice,Sambirano,2013,70%,U.S.A.,3
1504,Solstice,Amazonas,2013,70%,U.S.A.,3
1505,Solstice,Bolivia,2013,70%,U.S.A.,3.25
1506,Solstice,San Martin,2013,70%,U.S.A.,3.25
1507,Solstice,Wasatch,2013,70%,U.S.A.,3.5
1508,Soma,"Oko Caribe, Duarte P., Collab w Chocosol",2016,62%,Canada,3.5
1509,Soma,"Sambirano Valley, Black Science, B-60307.0",2016,70%,Canada,3.5
1510,Soma,"Bahia Black, batch bra50722.1",2016,70%,Canada,3.5
1511,Soma,"Abstract S. w/ Jamaica nibs,batch abs60323.0",2016,75%,Canada,3.75
1512,Soma,"Chuno, San Jose de Bocay, Pantasma R.,B.S.",2016,70%,Canada,3.75
1513,Soma,"Tien Giang, Black S., batch VIT60420.0",2016,70%,Canada,4
1514,Soma,"Camino Verde, Black S., batch cvu6030.0",2016,70%,Canada,3.25
1515,Soma,CSB Chama,2015,70%,Canada,3.5
1516,Soma,Porcelana,2015,75%,Canada,4
1517,Soma,"La Tronca, Matagalpa",2014,70%,Canada,3.5
1518,Soma,Maranon Canyon,2014,70%,Canada,3.75
1519,Soma,La Dalia,2014,70%,Canada,3.25
1520,Soma,"Camino Verde P., Balao, Guayas",2014,80%,Canada,3.5
1521,Soma,"Espiritu Santo, 'Smoke Monster'",2014,70%,Canada,3.75
1522,Soma,Little Big Man,2014,70%,Canada,3.25
1523,Soma,"Rizek Cacao, Domin. Rep.",2013,77%,Canada,3.75
1524,Soma,Java,2013,70%,Canada,3.25
1525,Soma,"Apurimac, El Quinacho Co-op",2013,70%,Canada,2.75
1526,Soma,"Sangre Grande P., Trinidad",2013,70%,Canada,3.75
1527,Soma,Chef's Blend,2013,70%,Canada,3.25
1528,Soma,Patanemo,2013,70%,Canada,3.75
1529,Soma,Crazy 88,2013,88%,Canada,4
1530,Soma,"Maracaibo, El Vigia",2013,70%,Canada,4
1531,Soma,Equator,2013,67%,Canada,4
1532,Soma,Orinoco,2013,70%,Canada,3.25
1533,Soma,"Bachelor's Hall E., St. Thomas Parish",2013,70%,Canada,4
1534,Soma,Noula Coop,2012,70%,Canada,3.25
1535,Soma,O'ahu,2012,70%,Canada,3.75
1536,Soma,"Dual Origins, Sambirano, Elvesia",2012,70%,Canada,4
1537,Soma,"Dancing in Your Head, 5 bean blend",2012,70%,Canada,4
1538,Soma,Cahabon Region,2012,70%,Canada,3.5
1539,Soma,Carenero Superior,2012,70%,Canada,3.75
1540,Soma,Eastern Promises,2012,70%,Canada,3.5
1541,Soma,Papua New Guinea,2012,85%,Canada,3.5
1542,Soma,"Grenada, Black Science",2011,70%,Canada,2.75
1543,Soma,"Alto Beni, Wild Bolivian",2011,70%,Canada,3.5
1544,Soma,Peruvian,2011,64%,Canada,4
1545,Soma,"Three Amigos(Chuao, Wild Bolivia, D.R.)",2011,70%,Canada,4
1546,Soma,"Elvesia P., Black Science",2011,70%,Canada,3.75
1547,Soma,Chuao,2011,70%,Canada,3.5
1548,Soma,Black Science Blend 1,2010,70%,Canada,3.75
1549,Soma,Hispaniola,2009,70%,Canada,3
1550,Soma,Africa,2009,70%,Canada,3.5
1551,Soma,Conacado,2009,70%,Canada,3
1552,Soma,Papua New Guinea,2009,70%,Canada,3.5
1553,Soma,Madagascar,2009,70%,Canada,3.75
1554,Soma,Ocumare,2009,70%,Canada,3.75
1555,Somerville,Nicaragua,2014,70%,U.S.A.,3.25
1556,Somerville,"Hawaiian, Big Island",2014,70%,U.S.A.,3.5
1557,Soul,Dominican Republic,2017,70%,Canada,3.25
1558,Soul,Madagascar,2017,70%,Canada,3.5
1559,Soul,Venezuela,2017,75%,Canada,3.5
1560,Soul,Ecuador,2017,75%,Canada,3.25
1561,Soul,Papua New Guinea,2017,77%,Canada,3.25
1562,Soul,Tanzania,2017,80%,Canada,3.5
1563,Spagnvola,AgroCriso Plantation,2012,70%,U.S.A.,3
1564,Spagnvola,AgroCriso Plantation,2012,80%,U.S.A.,3
1565,Spagnvola,AgroCriso Plantation,2012,75%,U.S.A.,3.25
1566,Spencer,Dominican Republic,2017,70%,U.S.A.,3.75
1567,Spencer,Ecuador,2017,70%,U.S.A.,3.5
1568,Spencer,Peru,2017,70%,U.S.A.,2.75
1569,Spencer,"Dominican Republic, lot D82R",2016,70%,Australia,3.5
1570,Spencer,"Ecuador, lot E432314L",2016,70%,Australia,3.75
1571,Spencer,"Madagascar, lot M0403R",2016,70%,Australia,3.75
1572,Spencer,Malekula Island,2014,72%,Australia,2.75
1573,Sprungli (Felchlin),Alto Beni,2013,70%,Switzerland,3
1574,SRSLY,Dominican Republic,2013,70%,U.S.A.,3
1575,SRSLY,Dominican Republic,2013,84%,U.S.A.,2.25
1576,Starchild,"Bolivar, Arriba",2015,70%,U.S.A.,3
1577,Starchild,Hispaniola,2015,70%,U.S.A.,3
1578,Starchild,Cacao Verapaz,2015,70%,U.S.A.,3
1579,Starchild,Rio Tuma,2015,70%,U.S.A.,3
1580,Starchild,Sambirano Valley,2015,70%,U.S.A.,3
1581,Stella (aka Bernrain),"Bahia, Agri-Forestal Plantation, 2010",2012,68%,Switzerland,2.75
1582,Stella (aka Bernrain),India,2011,72%,Switzerland,3.25
1583,Stone Grindz,"Ecuador, Midnight Dark",2014,84%,U.S.A.,3.5
1584,Stone Grindz,"Ecuador, Twilght Dark",2014,70%,U.S.A.,3.5
1585,StRita Supreme,"Samar, East Visayas region",2012,65%,U.S.A.,2.5
1586,StRita Supreme,"Samar, East Visayas region",2012,70%,U.S.A.,2.5
1587,StRita Supreme,"Samar, East Visayas region",2012,75%,U.S.A.,2.75
1588,Sublime Origins,Sambirano,2013,67%,U.S.A.,2.75
1589,Sublime Origins,Moho Valley,2013,78%,U.S.A.,3.25
1590,Summerbird,Peru,2016,61%,Denmark,2.5
1591,Summerbird,Peru,2016,71%,Denmark,3
1592,Suruca Chocolate,Venezuela,2016,70%,Venezuela,2.75
1593,Suruca Chocolate,Venezuela,2016,60%,Venezuela,3
1594,Svenska Kakaobolaget,Sri Lanka,2015,70%,Sweden,2.75
1595,Szanto Tibor,Nacional,2015,70%,Hungary,3.25
1596,Szanto Tibor,Baracoa,2015,88%,Hungary,3.25
1597,Szanto Tibor,Ambolikapiky,2015,70%,Hungary,3.25
1598,Szanto Tibor,"Winak, Sumaco",2015,70%,Hungary,3.75
1599,Szanto Tibor,"Ben Tre, Mekong Delta",2015,70%,Hungary,3.25
1600,Szanto Tibor,"Fazenda Sempre Firme, Bahia",2015,70%,Hungary,3.5
1601,Szanto Tibor,Porcelana,2014,70%,Hungary,3.5
1602,Szanto Tibor,Baracoa,2014,70%,Hungary,3.75
1603,Szanto Tibor,"Autumn, Primary Harvest, 2012",2013,70%,Hungary,3.5
1604,Szanto Tibor,"Spring, Secondary Harvest, 2012",2013,70%,Hungary,3.5
1605,Szanto Tibor,Cacao Blanco,2013,70%,Hungary,3.25
1606,Szanto Tibor,Santo Domingo,2012,70%,Hungary,3.25
1607,Szanto Tibor,Millot Plantation,2012,70%,Hungary,3.25
1608,Szanto Tibor,"Ayacucho, ""El Guinacho""",2012,70%,Hungary,3.75
1609,Szanto Tibor,Crudo,2011,70%,Hungary,3
1610,Tabal,Costa Rica,2013,70%,U.S.A.,2.75
1611,Tabal,Dominican Republic,2013,70%,U.S.A.,2.75
1612,Tabal,"Chiapas, Lacandon Jungle",2013,70%,U.S.A.,2.5
1613,Tabal,Peru,2013,70%,U.S.A.,3
1614,Tablette (aka Vanillabeans),Colombia,2015,70%,Japan,3
1615,Tablette (aka Vanillabeans),Papua,2015,62%,Japan,3.25
1616,Tablette (aka Vanillabeans),Vietnam,2015,60%,Japan,3.25
1617,Tablette (aka Vanillabeans),Trinidad,2015,77%,Japan,2.75
1618,Tan Ban Skrati,"Paramaribo, batch 20160043-01",2016,70%,Suriname,3.25
1619,Taza,Belize,2014,68%,U.S.A.,3
1620,Taza,Alto Beni,2011,87%,U.S.A.,3.25
1621,Taza,Chiapan,2009,75%,U.S.A.,2.75
1622,Taza,"Dark, Stone Ground",2007,70%,U.S.A.,3
1623,TCHO,West Africa,2016,62%,U.S.A.,2
1624,TCHO,Peru- Ecuador,2012,99%,U.S.A.,3.25
1625,TCHO,TCHOPro 60.5,2009,60%,U.S.A.,2.75
1626,TCHO,TCHOPro 68,2009,68%,U.S.A.,3
1627,TCHO,Chocolatey-beta,2008,70%,U.S.A.,2.5
1628,TCHO,Fruity-beta,2008,70%,U.S.A.,2.5
1629,TCHO,Citrus-beta,2008,70%,U.S.A.,2.75
1630,TCHO,Nutty-beta,2008,70%,U.S.A.,2.5
1631,Tejas,Concepcion,2012,70%,U.S.A.,2.75
1632,Tejas,Bayou Blend,2012,70%,U.S.A.,3
1633,Tejas,Aranama,2012,70%,U.S.A.,3
1634,Tejas,Presidio,2012,70%,U.S.A.,3.5
1635,Tejas,"La Bahia, w/ cane juice",2012,70%,U.S.A.,3.25
1636,Tejas,Capistrano,2012,70%,U.S.A.,2
1637,Tejas,"La Bahia, w/ cane sugar",2012,70%,U.S.A.,3.25
1638,Tejas,San Jose,2012,70%,U.S.A.,2.75
1639,Tejas,Capistrano*,2012,70%,U.S.A.,3
1640,Tejas,Espada,2012,70%,U.S.A.,3.25
1641,Tejas,Espada,2012,70%,U.S.A.,2.75
1642,Tejas,Concepcion*,2012,80%,U.S.A.,3
1643,Tejas,San Jose,2012,67%,U.S.A.,3.25
1644,Tejas,"Bahia, Floresta Azul,Good Friends Reserve#3",2012,70%,U.S.A.,3.5
1645,Terroir,Peru,2015,70%,U.S.A.,2.75
1646,Terroir,Belize,2015,70%,U.S.A.,3.75
1647,Terroir,Madagascar,2015,70%,U.S.A.,3.75
1648,Terroir,Ecuador,2015,70%,U.S.A.,3.25
1649,Terroir,Oko Caribe,2015,70%,U.S.A.,3.5
1650,Terroir,Guatemala,2015,70%,U.S.A.,3.75
1651,Terroir,Ecuador,2014,77%,U.S.A.,3.25
1652,Terroir,Madagascar,2014,67%,U.S.A.,3.75
1653,Terroir,Uganda,2014,73%,U.S.A.,3.75
1654,The Barn,Peru,2015,70%,Sweden,3
1655,Theo,Congo w/ nibs,2012,65%,U.S.A.,3.25
1656,Theo,Madagascar,2007,65%,U.S.A.,3.5
1657,Theo,Ivory Coast,2007,75%,U.S.A.,2.5
1658,Theo,"Ghana, Kumasi",2007,84%,U.S.A.,3
1659,Theo,"Venezuela; Barinos, Merida, Tachron",2007,91%,U.S.A.,2
1660,Theo,"Ghana, Panama, Ecuador",2007,75%,U.S.A.,3
1661,Theobroma,"Piura Select, Cacao Blanc",2015,70%,Japan,3.25
1662,Timo A. Meyer,"Belize, med roast",2016,72%,Germany,3.75
1663,To'ak (Ecuatoriana),Manabi,2014,81%,Ecuador,3.25
1664,Tobago Estate (Pralus),"Roxborough, Tobago",2012,70%,France,4
1665,Tocoti,"Wild Bolivian, Jungle Love",2012,77%,U.S.A.,3
1666,Tocoti,Venezuela,2011,72%,U.S.A.,2.75
1667,Tocoti,Dominican Republic,2011,74%,U.S.A.,3
1668,Treehouse,Conacado,2014,72%,U.S.A.,3
1669,Tsara (Cinagra),"Ambanja, Tsara Valley",2011,72%,Madagascar,3.5
1670,twenty-four blackbirds,Oko Caribe,2015,75%,U.S.A.,2.75
1671,twenty-four blackbirds,"Cedeno, lot 271",2015,75%,U.S.A.,3.5
1672,twenty-four blackbirds,Madagascar,2014,75%,U.S.A.,3.5
1673,twenty-four blackbirds,Dominican Republic,2013,68%,U.S.A.,3.25
1674,twenty-four blackbirds,Palos Blancos,2013,75%,U.S.A.,2.5
1675,twenty-four blackbirds,Dominican Republic,2011,73%,U.S.A.,2.75
1676,Two Ravens,Peru,2016,60%,U.S.A.,3
1677,Un Dimanche A Paris,Dominican Republic,2011,63%,France,3.75
1678,Undone,Matagalpa,2014,74%,U.S.A.,2.75
1679,Undone,Nourish,2014,70%,U.S.A.,3
1680,Upchurch,"Madagascar, Sassy Bar",2016,72%,U.S.A.,3
1681,Upchurch,"Tanzania, Party Bar",2016,72%,U.S.A.,3.25
1682,Urzi,"Sur del Lago, Merida",2014,65%,Italy,3.25
1683,Valrhona,"Piura, Illanka, Quemazon",2015,63%,France,4
1684,Valrhona,"Andoa, Grand Cru blend",2013,70%,France,3.5
1685,Valrhona,"Loma Sotavento, 2013",2013,64%,France,3.5
1686,Valrhona,"Otucan, Grand Cru",2012,69%,France,4
1687,Valrhona,Caraque,2011,56%,France,3.25
1688,Valrhona,"Porcelana, Pedegral",2011,64%,France,4
1689,Valrhona,Tainori,2009,64%,France,3.75
1690,Valrhona,Alpaco,2009,66%,France,3.75
1691,Valrhona,Nyangbo,2009,68%,France,3.5
1692,Valrhona,Araguani,2007,72%,France,3
1693,Valrhona,Chuao 2002 P.,2007,65%,France,3.75
1694,Valrhona,Manjari,2007,64%,France,4
1695,Valrhona,Le Noir Extra Amer,2007,85%,France,1.5
1696,Valrhona,Abinao,2007,85%,France,2.5
1697,Valrhona,Le Noir Amer,2007,71%,France,2.75
1698,Valrhona,"Porcelana, Maracaibo, Palmira P. 2006",2007,64%,France,3.25
1699,Valrhona,Caraibe,2006,66%,France,3
1700,Valrhona,Guanaja,2006,70%,France,4
1701,Valrhona,Gran Couva 2005 P.,2006,64%,France,2.5
1702,Valrhona,"Porcelana, Maracaibo, Palmira P. 2005",2006,64%,France,3
1703,Valrhona,"Sambirano, Ampamakia 2005, Millot P.",2006,64%,France,3.5
1704,Vanleer (Barry Callebaut),Manhattan,2012,72%,U.S.A.,2.5
1705,Vanleer (Barry Callebaut),Napa,2012,65%,U.S.A.,2.75
1706,Vao Vao (Chocolaterie Robert),Madagascar,2009,72%,Madagascar,2.75
1707,Vao Vao (Chocolaterie Robert),Madagascar,2009,76%,Madagascar,2.75
1708,Vao Vao (Chocolaterie Robert),Madagascar,2009,80%,Madagascar,2.75
1709,Vao Vao (Chocolaterie Robert),Madagascar,2009,70%,Madagascar,3
1710,Vao Vao (Chocolaterie Robert),Madagascar w/ nibs,2009,68%,Madagascar,3
1711,Vao Vao (Chocolaterie Robert),Madagascar,2009,64%,Madagascar,3.25
1712,Vicuna,Palos Blancos,2015,70%,U.S.A.,3.25
1713,Vicuna,Palos Blancos + nibs,2015,70%,U.S.A.,3.25
1714,Videri,Dominican Republic,2014,90%,U.S.A.,3.25
1715,Videri,Trinidad,2014,75%,U.S.A.,3.5
1716,Videri,Mindo,2014,75%,U.S.A.,3.5
1717,Videri,Dark,2013,90%,U.S.A.,3.75
1718,Videri,Classic,2012,70%,U.S.A.,3.25
1719,Vietcacao (A. Morin),"Ben Tre, Mekong Delta, MoCay",2012,70%,France,3.5
1720,Vintage Plantations,San Martin,2014,75%,U.S.A.,3
1721,Vintage Plantations (Tulicorp),"Los Rios, Rancho Grande 2004/2007",2007,100%,U.S.A.,2
1722,Vintage Plantations (Tulicorp),"Los Rios, Rancho Grande 2004/2007",2007,90%,U.S.A.,2
1723,Vintage Plantations (Tulicorp),"Los Rios, Rancho Grande 2004/2007",2007,75%,U.S.A.,3
1724,Vintage Plantations (Tulicorp),"Los Rios, Rancho Grande 2007",2007,65%,U.S.A.,3
1725,Violet Sky,Sambirano Valley,2015,77%,U.S.A.,2.75
1726,Violet Sky,Moho River Valley,2015,77%,U.S.A.,3
1727,Violet Sky,Cuyagua,2015,77%,U.S.A.,3
1728,Violet Sky,Peru,2015,77%,U.S.A.,3.25
1729,Violet Sky,Cahabon,2015,77%,U.S.A.,2.75
1730,Vivra,Peru,2016,70%,U.S.A.,2.5
1731,Vivra,Ocumare,2016,70%,U.S.A.,2.5
1732,Vivra,Dominican Republic,2016,70%,U.S.A.,3
1733,Wellington Chocolate Factory,Conacado,2016,70%,New Zealand,3.5
1734,Wellington Chocolate Factory,"Piura Blanco, Norandino",2016,70%,New Zealand,3.5
1735,Whittakers,Ghana,2011,72%,New Zealand,2.5
1736,Wilkie's Organic,Amazonas,2013,75%,Ireland,2.5
1737,Wilkie's Organic,Amazonas,2013,89%,Ireland,2.75
1738,Wilkie's Organic,Tumbes,2013,75%,Ireland,3.25
1739,Wilkie's Organic,Amazonas w/ nibs,2013,75%,Ireland,2.75
1740,Willie's Cacao,Los Llanos,2016,70%,U.K.,4
1741,Willie's Cacao,Los Llanos,2014,88%,U.K.,3
1742,Willie's Cacao,"Java, Indonesian Black",2013,100%,U.K.,2.25
1743,Willie's Cacao,Sambirano,2010,71%,U.K.,3
1744,Willie's Cacao,Hacienda Las Trincheras,2010,72%,U.K.,3.5
1745,Willie's Cacao,Java,2010,69%,U.K.,3.75
1746,Willie's Cacao,San Martin,2009,70%,U.K.,3
1747,Willie's Cacao,Rio Caribe,2009,72%,U.K.,3.25
1748,Wm,"Guasare, Zulia Prov., 2015, batch 124",2016,74%,U.S.A.,3
1749,Wm,"Wild Beniano, 2016, batch 128, Heirloom",2016,76%,U.S.A.,3.5
1750,Wm,"Ghana, 2013, batch 129",2016,75%,U.S.A.,3.75
1751,Woodblock,"Maranon, Cajamarca",2014,70%,U.S.A.,3
1752,Woodblock,"Camino Verde P., Balao, Guayas",2013,70%,U.S.A.,3.25
1753,Woodblock,Gran Couva,2013,70%,U.S.A.,3.5
1754,Woodblock,Ecuador,2012,70%,U.S.A.,2.5
1755,Woodblock,Costa Rica,2012,70%,U.S.A.,3
1756,Woodblock,Sambirano,2012,70%,U.S.A.,3.25
1757,Woodblock,Ocumare,2011,70%,U.S.A.,4
1758,Woodblock,La Red,2011,70%,U.S.A.,3.5
1759,Xocolat,Hispaniola,2013,66%,Domincan Republic,3
1760,Xocolla,"Sambirano, batch 170102",2017,70%,U.S.A.,2.75
1761,Xocolla,"Hispaniola, batch 170104",2017,70%,U.S.A.,2.5
1762,Zak's,"Papua New Guinea, Batch 2",2015,70%,U.S.A.,3
1763,Zak's,"Dominican Republic, Batch D2",2015,70%,U.S.A.,3.25
1764,Zak's,"Madagascar, Batch 2",2015,70%,U.S.A.,3.25
1765,Zak's,"Peru, Batch 1",2015,70%,U.S.A.,3.25
1766,Zak's,"Belize, Batch 2",2015,70%,U.S.A.,3.5
1767,Zak's,"House Blend, Batch 2",2015,60%,U.S.A.,3
1768,Zart Pralinen,"Millot P., Ambanja",2016,70%,Austria,3.5
1769,Zart Pralinen,UNOCACE,2016,70%,Austria,2.75
1770,Zart Pralinen,San Juan Estate,2016,85%,Austria,2.75
1771,Zart Pralinen,"Kakao Kamili, Kilombero Valley",2016,85%,Austria,3
1772,Zart Pralinen,"Kakao Kamili, Kilombero Valley",2016,70%,Austria,3.5
1773,Zart Pralinen,"San Juan Estate, Gran Couva",2016,78%,Austria,3.5
1774,Zokoko,Guadalcanal,2016,78%,Australia,3.75
1775,Zokoko,Goddess Blend,2016,65%,Australia,3.25
1776,Zokoko,Alto Beni,2011,68%,Australia,3.5
1777,Zokoko,Tokiala,2011,66%,Australia,3.5
1778,Zokoko,"Tranquilidad, Baures",2011,72%,Australia,3.75
1779,Zotter,Raw,2014,80%,Austria,2.75
1780,Zotter,"Bocas del Toro, Cocabo Co-op",2012,72%,Austria,3.5
1781,Zotter,Amazonas Frucht,2012,65%,Austria,3.5
1782,Zotter,"Satipo Pangoa region, 16hr conche",2012,70%,Austria,3
1783,Zotter,"Satipo Pangoa region, 20hr conche",2012,70%,Austria,3.5
1784,Zotter,"Loma Los Pinos, Yacao region, D.R.",2012,62%,Austria,3.75
1785,Zotter,El Oro,2012,75%,Austria,3
1786,Zotter,Huiwani Coop,2012,75%,Austria,3
1787,Zotter,El Ceibo Coop,2012,90%,Austria,3.25
1788,Zotter,Santo Domingo,2012,70%,Austria,3.75
1789,Zotter,"Kongo, Highlands",2012,68%,Austria,3.25
1790,Zotter,"Indianer, Raw",2012,58%,Austria,3.5
1791,Zotter,Peru,2011,70%,Austria,3.75
1792,Zotter,Congo,2011,65%,Austria,3
1793,Zotter,Kerala State,2011,65%,Austria,3.5
1794,Zotter,Kerala State,2011,62%,Austria,3.25
1795,Zotter,"Brazil, Mitzi Blue",2010,65%,Austria,3
