folder,image_name,coins_count
all_coins,01207e3d7e.jpg,5
all_coins,0140acf6eb.jpg,4
all_coins,025c8579f0.jpg,2
all_coins,028ca794e7.jpg,4
all_coins,02e080206f.jpg,40
all_coins,0391d1cd81.jpg,1
all_coins,03ab6f403f.jpg,2
all_coins,05c7bef607.jpg,3
all_coins,06592a2984.jpg,1
all_coins,06dbf139bd.jpg,3
all_coins,06de4d46b4.jpg,14
all_coins,0712ebe773.jpg,15
all_coins,078aaee7f6.jpg,2
all_coins,0992f9217f.jpg,16
all_coins,0bcb8457d5.jpg,11
all_coins,0c0f693a3e.jpg,10
all_coins,0c7067ece2.jpg,1
all_coins,11178d409d.jpg,8
all_coins,14080c2080.jpg,9
all_coins,1573c64a86.jpg,6
all_coins,1576817f96.jpg,1
all_coins,16f46adcc2.jpg,4
all_coins,1a1db517f0.jpg,1
all_coins,1a203989bd.jpg,34
all_coins,1d5fb7f409.jpg,4
all_coins,1e5109de3a.jpg,8
all_coins,1f3c0f520a.jpg,2
all_coins,207092513f.jpg,8
all_coins,209529add9.jpg,3
all_coins,21ad309395.jpg,15
all_coins,23560e97ad.jpg,15
all_coins,244d4d4639.jpg,10
all_coins,24699d577c.jpg,1
all_coins,2564ee861d.jpg,12
all_coins,26fb204f51.jpg,3
all_coins,27ad5d7140.jpg,9
all_coins,2895e89ff2.jpg,20
all_coins,2bf5e82e5a.jpg,8
all_coins,2c8f0e58fb.jpg,2
all_coins,2ed9a9c1e2.jpg,8
all_coins,2f52601471.jpg,3
all_coins,2fc068f84e.jpg,7
all_coins,31357b26f3.jpg,5
all_coins,31e4b72f06.jpg,1
all_coins,321f79f6bb.jpg,2
all_coins,342d14adbd.jpg,5
all_coins,35f856e199.jpg,5
all_coins,3613533eef.jpg,2
all_coins,3731e4b26c.jpg,28
all_coins,3942739722.jpg,1
all_coins,3a31d6cc15.jpg,5
all_coins,3c64dca0b6.jpg,21
all_coins,3d315bb61e.jpg,30
all_coins,3fa08174b0.jpg,5
all_coins,419d2d60c3.jpg,20
all_coins,41ee53b36e.jpg,16
all_coins,420cd5cadc.jpg,9
all_coins,421f429a45.jpg,8
all_coins,424d624a79.jpg,2
all_coins,4291a46303.jpg,3
all_coins,42a0da06b7.jpg,2
all_coins,4359d7bf90.jpg,3
all_coins,43de9c935d.jpg,1
all_coins,444107b8c9.jpg,14
all_coins,4464e8c6c9.jpg,1
all_coins,44cf53bcde.jpg,16
all_coins,44e195e1ef.jpg,8
all_coins,46076bb5d5.jpg,5
all_coins,47b061170d.jpg,8
all_coins,48fa79d7ae.jpg,8
all_coins,49fd927d4c.jpg,5
all_coins,4a1315d458.jpg,2
all_coins,4a4bd0f725.jpg,40
all_coins,4ba1b09981.jpg,2
all_coins,4c0fee8a9c.jpg,16
all_coins,4ca15155e9.jpg,2
all_coins,4e47138c7e.jpg,6
all_coins,4e95f6db6a.jpg,24
all_coins,4e9e203a40.jpg,9
all_coins,4fe02e46cb.jpg,2
all_coins,50797d435f.jpg,34
all_coins,50e7fe98b7.jpg,35
all_coins,5189314af4.jpg,2
all_coins,563563f749.jpg,5
all_coins,566b1031a8.jpg,20
all_coins,569a5a3984.jpg,1
all_coins,5ab456ac02.jpg,11
all_coins,5b7a05e3dd.jpg,7
all_coins,5d6b82679d.jpg,4
all_coins,5edc210162.jpg,3
all_coins,5f8a04cee8.jpg,7
all_coins,609e94b29b.jpg,16
all_coins,60fc6231cd.jpg,5
all_coins,612e80df45.jpg,7
all_coins,61958bd2dd.jpg,5
all_coins,670dc0a72f.jpg,2
all_coins,681165d9f1.jpg,4
all_coins,6bf1678fa3.jpg,2
all_coins,6bf4f833a4.jpg,8
all_coins,6c8ccc2bdc.jpg,2
all_coins,6d2e7e9448.jpg,9
all_coins,6d4d37ae2c.jpg,5
all_coins,6da8539078.jpg,5
all_coins,6dc3173bf2.jpg,8
all_coins,716dcf2d66.jpg,3
all_coins,7262427976.jpg,1
all_coins,72d0dbe5f5.jpg,34
all_coins,766f507935.jpg,16
all_coins,767455e3f9.jpg,2
all_coins,7779953784.jpg,2
all_coins,782058a969.jpg,5
all_coins,79eb826b40.jpg,24
all_coins,7c13cfe7f1.jpg,1
all_coins,7c3720e174.jpg,7
all_coins,7c7942b825.jpg,8
all_coins,7ce16206bb.jpg,8
all_coins,7e122f5d1f.jpg,8
all_coins,827d23c09e.jpg,8
all_coins,85db729dc0.jpg,16
all_coins,85e4b42fb6.jpg,8
all_coins,8605748432.jpg,20
all_coins,868bb275c3.jpg,8
all_coins,87a1c3b8af.jpg,5
all_coins,87f4bed37f.jpg,2
all_coins,898beeed4c.jpg,1
all_coins,8c7c691333.jpg,1
all_coins,8e89dfa19b.jpg,6
all_coins,9082197e8c.jpg,1
all_coins,908f1fc748.jpg,1
all_coins,91851d8baa.jpg,1
all_coins,94b5bdb199.jpg,4
all_coins,962d332c3c.jpg,6
all_coins,97868f7555.jpg,5
all_coins,97e6af6151.jpg,7
all_coins,980bc77535.jpg,3
all_coins,98e915fe15.jpg,2
all_coins,990db901a0.jpg,34
all_coins,9981524f15.jpg,1
all_coins,9ab6493bdc.jpg,2
all_coins,9b1df4ab21.jpg,2
all_coins,9bdccee820.jpg,8
all_coins,9d2dea7b8f.jpg,9
all_coins,9e575d70ea.jpg,3
all_coins,9ef3898d38.jpg,4
all_coins,a15f18c804.jpg,7
all_coins,a188d78b85.jpg,5
all_coins,a19f00a771.jpg,8
all_coins,a1fae3d9ea.jpg,26
all_coins,a5faa8e072.jpg,23
all_coins,a61fb409e8.jpg,1
all_coins,a9515c596b.jpg,20
all_coins,aaf925663f.jpg,5
all_coins,abd33e40b9.jpg,6
all_coins,ad43774456.jpg,2
all_coins,ae2a9d0217.jpg,2
all_coins,afc5895108.jpg,10
all_coins,afed6c9305.jpg,2
all_coins,b05183cf6c.jpg,1
all_coins,b22b3d9c4e.jpg,1
all_coins,b2ff113277.jpg,3
all_coins,b36a35b1cf.jpg,4
all_coins,b490ad931a.jpg,16
all_coins,b61d911828.jpg,30
all_coins,b65bf338f7.jpg,10
all_coins,bb8b54822f.jpg,4
all_coins,bc673941fb.jpg,6
all_coins,bc6914ff98.jpg,1
all_coins,bd5e683f30.jpg,6
all_coins,bd7c825ab5.jpg,2
all_coins,bdddd66dc5.jpg,8
all_coins,be037b359a.jpg,26
all_coins,c0ac04a0cf.jpg,1
all_coins,c13910bc18.jpg,2
all_coins,c1a9fbb8bc.jpg,7
all_coins,c20d83cdfe.jpg,1
all_coins,c2d0445950.jpg,2
all_coins,c36182ac9a.jpg,4
all_coins,c3ddc33f41.jpg,2
all_coins,c45fe65ea2.jpg,1
all_coins,c61640a9c1.jpg,8
all_coins,c99b8f0e24.jpg,14
all_coins,cb1e6a6967.jpg,8
all_coins,cb4769d1a9.jpg,24
all_coins,cf0943d302.jpg,1
all_coins,d0a3c1f8d3.jpg,9
all_coins,d339767881.jpg,2
all_coins,d3a549a4ac.jpg,1
all_coins,d4a5b2ad56.jpg,8
all_coins,d603d1e7e2.jpg,16
all_coins,d7416e5a02.jpg,1
all_coins,d74bf34efc.jpg,35
all_coins,d87fde36bf.jpg,8
all_coins,d8e50e61e9.jpg,8
all_coins,dc76e7bc74.jpg,9
all_coins,e036bb9f36.jpg,1
all_coins,e458d60056.jpg,1
all_coins,e464aa2ba3.jpg,6
all_coins,e48a9d76fa.jpg,1
all_coins,e5498c038d.jpg,12
all_coins,e56270ad8e.jpg,1
all_coins,e58d420bba.jpg,1
all_coins,e7047cebbb.jpg,5
all_coins,e87b700514.jpg,23
all_coins,e893dcbca8.jpg,4
all_coins,e982d8d424.jpg,2
all_coins,ea2f399c2c.jpg,12
all_coins,ecb30e89ac.jpg,10
all_coins,ecf7752465.jpg,1
all_coins,f14da4ee62.jpg,4
all_coins,f35a790bd0.jpg,14
all_coins,f5fd0e7e9b.jpg,12
all_coins,f8101d6dd1.jpg,5
all_coins,f8b6b6d100.jpg,4
all_coins,f8cc6f7201.jpg,5
all_coins,fa5950f31e.jpg,1
china_coins,02e699f79d.jpg,1
china_coins,04a8138ea5.jpg,2
china_coins,063bece950.jpg,6
china_coins,0652e0440f.jpg,3
china_coins,06da1e60cc.jpg,2
china_coins,07ceece621.jpg,1
china_coins,0871f059de.jpg,2
china_coins,08d2b6eda9.jpg,19
china_coins,09538b2334.jpg,1
china_coins,0d0ac3a88a.jpg,16
china_coins,0e718de582.jpg,7
china_coins,0ee766febf.jpg,1
china_coins,1175dc22b9.jpg,18
china_coins,125162ad58.jpg,2
china_coins,12582fe8f1.jpg,8
china_coins,12cacddb04.jpg,16
china_coins,143e98adb1.jpg,2
china_coins,1747d2af5a.jpg,6
china_coins,1950b241a8.jpg,1
china_coins,1acabdc3c1.jpg,1
china_coins,1b53e51ae8.jpg,1
china_coins,1da0bb4e1c.jpg,9
china_coins,1eff34a51a.jpg,2
china_coins,208133d902.jpg,5
china_coins,227130705a.jpg,2
china_coins,23bc51081c.jpg,7
china_coins,2413c6b7c1.jpg,2
china_coins,24bc5f6e9f.jpg,3
china_coins,2773217ea5.jpg,2
china_coins,292ab178e0.jpg,9
china_coins,2c1e478f4f.jpg,2
china_coins,2e9f5856fe.jpg,2
china_coins,2ed1c4e5ab.jpg,2
china_coins,2f671c984f.jpg,2
china_coins,30824c01c0.jpg,1
china_coins,319c68de53.jpg,49
china_coins,32902465b4.jpg,2
china_coins,332dd30533.jpg,1
china_coins,33f92a7c9a.jpg,2
china_coins,351727081d.jpg,2
china_coins,35725ca007.jpg,2
china_coins,3636f26c6e.jpg,2
china_coins,366afbecee.jpg,2
china_coins,38427303fa.jpg,3
china_coins,3860162c9e.jpg,1
china_coins,388d452d4d.jpg,4
china_coins,3911c0ca2f.jpg,1
china_coins,3c07d2187c.jpg,1
china_coins,3cbd0cd971.jpg,1
china_coins,3e18a35d79.jpg,1
china_coins,3e8ad3f0ec.jpg,1
china_coins,41c06915ee.jpg,5
china_coins,43a864822a.jpg,2
china_coins,4740a8da05.jpg,16
china_coins,474630071b.jpg,6
china_coins,485ea6d538.jpg,2
china_coins,4a0718547a.jpg,1
china_coins,4ac89e7716.jpg,2
china_coins,4d2034bf07.jpg,2
china_coins,4ea723e6ff.jpg,2
china_coins,4ec657dc62.jpg,1
china_coins,4edb61a2ec.jpg,6
china_coins,5469ba21b8.jpg,2
china_coins,57887a8ad3.jpg,1
china_coins,57c436585d.jpg,2
china_coins,57e8cf92e6.jpg,1
china_coins,5894b2ca14.jpg,4
china_coins,58c221aed6.jpg,2
china_coins,59d46de1dc.jpg,1
china_coins,5c7495d3ca.jpg,2
china_coins,5d77678548.jpg,6
china_coins,5db3d508da.jpg,1
china_coins,5e0d26b26a.jpg,1
china_coins,5e4d27082b.jpg,7
china_coins,5fa89151aa.jpg,1
china_coins,61bba65828.jpg,1
china_coins,64fd5f818e.jpg,1
china_coins,68af551064.jpg,1
china_coins,68e8937afd.jpg,2
china_coins,6a5cbbe466.jpg,2
china_coins,6b8399d4e5.jpg,2
china_coins,6b8c2b21c0.jpg,3
china_coins,6df4492ed9.jpg,1
china_coins,6f58f116fe.jpg,1
china_coins,7689a78845.jpg,4
china_coins,7867fe26a2.jpg,1
china_coins,7b0a11f226.jpg,2
china_coins,7bfa2573b2.jpg,1
china_coins,7d4847e142.jpg,1
china_coins,7dc2f1ef79.jpg,8
china_coins,7e3aab75a5.jpg,2
china_coins,7ea2d9c5ee.jpg,2
china_coins,7f19658cb5.jpg,2
china_coins,800af58787.jpg,1
china_coins,8177a8bbbc.jpg,8
china_coins,821697aab4.jpg,2
china_coins,82ace919e3.jpg,2
china_coins,8727a19438.jpg,9
china_coins,8a150b4bb6.jpg,2
china_coins,8b85da2bab.jpg,2
china_coins,8c4e113edf.jpg,1
china_coins,8f490a1cb2.jpg,2
china_coins,93eebadc76.jpg,5
china_coins,9409e3b084.jpg,1
china_coins,9936d5f749.jpg,9
china_coins,9975a579df.jpg,1
china_coins,9aa6ef2960.jpg,4
china_coins,9ca0f7f4e0.jpg,15
china_coins,9ce19a1427.jpg,8
china_coins,9f6f222c39.jpg,1
china_coins,9fac954aa3.jpg,1
china_coins,a0d4e8c1e9.jpg,1
china_coins,a27ca1645f.jpg,2
china_coins,a3a56142e2.jpg,2
china_coins,a3afa648bb.jpg,2
china_coins,a4c0e40756.jpg,8
china_coins,a5c303f31d.jpg,2
china_coins,a6453129da.jpg,3
china_coins,a7e7f987fc.jpg,7
china_coins,a8d3f3a595.jpg,2
china_coins,a9565e78a0.jpg,6
china_coins,aab9a625c4.jpg,1
china_coins,aaeb6a019c.jpg,2
china_coins,ad17e4b2ab.jpg,3
china_coins,ad4249fee4.jpg,2
china_coins,ad4356b692.jpg,1
china_coins,ad447361a9.jpg,5
china_coins,af5d14b25e.jpg,2
china_coins,b060c5f004.jpg,1
china_coins,b098debff0.jpg,3
china_coins,b341aa5276.jpg,6
china_coins,b545285cad.jpg,21
china_coins,b548346734.jpg,4
china_coins,b63e7b4535.jpg,2
china_coins,b72e5fc7c9.jpg,21
china_coins,b878cfb624.jpg,1
china_coins,b8ecfd72d9.jpg,2
china_coins,ba61d4837d.jpg,1
china_coins,baacfff666.jpg,1
china_coins,bdbe11a5e4.jpg,2
china_coins,bde8ab72d6.jpg,2
china_coins,be073a7bce.jpg,2
china_coins,c09fcda175.jpg,2
china_coins,c369861356.jpg,1
china_coins,c676cf0fbd.jpg,5
china_coins,c6e4d2fe2a.jpg,3
china_coins,c70fcbbcdf.jpg,1
china_coins,c7b5b21039.jpg,10
china_coins,c8449b8233.jpg,1
china_coins,c8d78bfbf8.jpg,8
china_coins,c9f4867930.jpg,10
china_coins,ca2e2cbe03.jpg,2
china_coins,cb18e4d40f.jpg,1
china_coins,cbc82699fb.jpg,10
china_coins,ce20bfdf54.jpg,9
china_coins,ceee6d3d6b.jpg,3
china_coins,cf5e1b646f.jpg,1
china_coins,d06b667677.jpg,4
china_coins,d22d3b86fb.jpg,12
china_coins,d2826b0621.jpg,1
china_coins,d2ead151fe.jpg,8
china_coins,d33cc1f754.jpg,1
china_coins,d5dafe49a4.jpg,1
china_coins,d65f9cda42.jpg,2
china_coins,d6fc31e378.jpg,1
china_coins,d70ec53e95.jpg,16
china_coins,d9680d927b.jpg,6
china_coins,d9999028d4.jpg,1
china_coins,da5998309f.jpg,1
china_coins,db15b2c8d8.jpg,1
china_coins,dce60ddc91.jpg,6
china_coins,dde5b786d0.jpg,1
china_coins,df7dd61872.jpg,5
china_coins,e06fa59b89.jpg,2
china_coins,e078be6624.jpg,6
china_coins,e1c229607f.jpg,1
china_coins,e3d32c95bf.jpg,2
china_coins,e42293fefb.jpg,6
china_coins,e5214c6883.jpg,2
china_coins,e65a8ba771.jpg,9
china_coins,e7355ec38d.jpg,2
china_coins,e80bfdd799.jpg,6
china_coins,e8bc6cdd77.jpg,1
china_coins,e8e593aaf7.jpg,49
china_coins,ed913853c6.jpg,6
china_coins,ee12218dbf.jpg,2
china_coins,ee3474e6bf.jpg,2
china_coins,eeddd06ffd.jpg,2
china_coins,efa6633bcb.jpg,1
china_coins,f0b4a1ae35.jpg,1
china_coins,f14b57029f.jpg,1
china_coins,f17fb74818.jpg,1
china_coins,f1ea00e156.jpg,5
china_coins,f258182de9.jpg,6
china_coins,f2595d8215.jpg,1
china_coins,f3648f78ff.jpg,1
china_coins,f40e58aa3d.jpg,1
china_coins,f4132c3195.jpg,3
china_coins,f47ea6bddc.jpg,2
china_coins,f560ce419a.jpg,21
china_coins,f5cf4a56ea.jpg,3
china_coins,f687c34368.jpg,4
china_coins,f8acdd9a70.jpg,9
china_coins,f8b98b3770.jpg,1
china_coins,f9f8bf3d0c.jpg,1
china_coins,fa9c3936ca.jpg,3
china_coins,fc2742e40a.jpg,3
china_coins,fc9f88fcae.jpg,1
china_coins,fcbd323006.jpg,3
china_coins,fff51a7712.jpg,2
euro_coins,0017c3b0e6.jpg,2
euro_coins,016bad69c2.jpg,1
euro_coins,01cf2502d5.jpg,2
euro_coins,023a9c7804.jpg,1
euro_coins,026b6bf6ed.jpg,8
euro_coins,03b9ef036d.jpg,6
euro_coins,0449a7f119.jpg,8
euro_coins,0474cca2ab.jpg,1
euro_coins,048646a4b1.jpg,1
euro_coins,04fb6c4fed.jpg,8
euro_coins,08239ad715.jpg,8
euro_coins,0a030b6c5a.jpg,1
euro_coins,0a3ee5dced.jpg,2
euro_coins,0af89feef6.jpg,1
euro_coins,0bececd88b.jpg,8
euro_coins,0d51d01a3a.jpg,1
euro_coins,0dc711d21f.jpg,1
euro_coins,0dfe9d8acd.jpg,1
euro_coins,0e30187668.jpg,8
euro_coins,0fb0786654.jpg,27
euro_coins,104375946f.jpg,23
euro_coins,106a4659be.jpg,1
euro_coins,11670a5c4e.jpg,8
euro_coins,1589adc838.jpg,8
euro_coins,174dd15a12.jpg,16
euro_coins,17879eacc8.jpg,1
euro_coins,1d54ab4349.jpg,1
euro_coins,1ebcf2e154.jpg,1
euro_coins,1ee845b9ba.jpg,8
euro_coins,2082a2953f.jpg,16
euro_coins,20ebfe0b4b.jpg,2
euro_coins,21284b053f.jpg,1
euro_coins,227865fbd5.jpg,8
euro_coins,26d34d1fe4.jpg,11
euro_coins,2712332a36.jpg,26
euro_coins,27458f671e.jpg,8
euro_coins,274b6c1544.jpg,1
euro_coins,284a779c11.jpg,1
euro_coins,295da09780.jpg,3
euro_coins,2a2f37b5b7.jpg,5
euro_coins,2cdf2aafaa.jpg,2
euro_coins,2d0f6aab12.jpg,1
euro_coins,2df30cff89.jpg,8
euro_coins,2e42a8a028.jpg,3
euro_coins,2f1a258c63.jpg,2
euro_coins,2f20e6f6a3.jpg,9
euro_coins,2fadfde717.jpg,3
euro_coins,35a1c45ae0.jpg,9
euro_coins,37abd5b122.jpg,8
euro_coins,387e8acaae.jpg,1
euro_coins,38f5053be4.jpg,8
euro_coins,3a16ee60d1.jpg,3
euro_coins,3cef209534.jpg,1
euro_coins,3d8d27bd59.jpg,8
euro_coins,3e5f22cfa7.jpg,1
euro_coins,3f32a19322.jpg,2
euro_coins,3faaad8493.jpg,2
euro_coins,40798eb414.jpg,8
euro_coins,43be1b59b6.jpg,1
euro_coins,44d7a5a16f.jpg,2
euro_coins,474a157295.jpg,1
euro_coins,47808cb23d.jpg,39
euro_coins,48e4da63c8.jpg,1
euro_coins,4aee2ba29c.jpg,8
euro_coins,4b5ac94af2.jpg,1
euro_coins,4dc75f545a.jpg,1
euro_coins,4dd74a46b9.jpg,2
euro_coins,4dfdb85e6c.jpg,1
euro_coins,4fa60b1343.jpg,10
euro_coins,514aa4b868.jpg,1
euro_coins,5346a5a991.jpg,7
euro_coins,53cee6eabd.jpg,1
euro_coins,5489ec1fb5.jpg,1
euro_coins,557dc9082e.jpg,5
euro_coins,56063bf99f.jpg,2
euro_coins,5900a5dd22.jpg,1
euro_coins,59cd7eac39.jpg,3
euro_coins,5bdac203cf.jpg,1
euro_coins,605f002373.jpg,8
euro_coins,61236109ef.jpg,8
euro_coins,617ce75a74.jpg,1
euro_coins,6244ebd2a6.jpg,1
euro_coins,625ce723b7.jpg,6
euro_coins,6511355229.jpg,1
euro_coins,65df499473.jpg,2
euro_coins,661fb432d8.jpg,2
euro_coins,669b6b8221.jpg,2
euro_coins,66bbd666dc.jpg,8
euro_coins,67a2b8babd.jpg,2
euro_coins,6b14ae12fd.jpg,5
euro_coins,6c5115967d.jpg,1
euro_coins,6d65516fa2.jpg,16
euro_coins,6e1ffaa89f.jpg,2
euro_coins,6fc012853d.jpg,1
euro_coins,6fcdb71ce8.jpg,2
euro_coins,704ddd18c6.jpg,1
euro_coins,70eb01116a.jpg,1
euro_coins,7281fdb743.jpg,8
euro_coins,73c5a8a67e.jpg,1
euro_coins,740ead22ad.jpg,11
euro_coins,74b386424e.jpg,4
euro_coins,76f525973a.jpg,1
euro_coins,78b48c757b.jpg,8
euro_coins,7a5389d5f6.jpg,1
euro_coins,7b645a97ae.jpg,18
euro_coins,7b9a802511.jpg,3
euro_coins,7cd846ace8.jpg,16
euro_coins,7d87a3263f.jpg,10
euro_coins,7e1cb4e9f7.jpg,1
euro_coins,7ebe8e9cf1.jpg,8
euro_coins,7f9dd7c082.jpg,16
euro_coins,8110882838.jpg,8
euro_coins,81781e538c.jpg,16
euro_coins,81df542fcf.jpg,2
euro_coins,82abf4f0cf.jpg,8
euro_coins,82cf6b4cc7.jpg,36
euro_coins,87616b0677.jpg,1
euro_coins,8791cf7e7b.jpg,8
euro_coins,895ca34285.jpg,3
euro_coins,8a563f72c9.jpg,1
euro_coins,8aa7031929.jpg,1
euro_coins,8b1c21c16d.jpg,8
euro_coins,8de3e31598.jpg,4
euro_coins,8f8a4cc0e0.jpg,1
euro_coins,9012e0cfab.jpg,16
euro_coins,9153613467.jpg,1
euro_coins,91c23b8603.jpg,16
euro_coins,9318896c0e.jpg,8
euro_coins,94ab346047.jpg,8
euro_coins,953f946a75.jpg,5
euro_coins,964db0034b.jpg,4
euro_coins,969f9d387e.jpg,10
euro_coins,979972ef4b.jpg,2
euro_coins,984512355e.jpg,8
euro_coins,984bf7c337.jpg,2
euro_coins,984c5c1d65.jpg,2
euro_coins,9886144124.jpg,1
euro_coins,9b591d7d12.jpg,10
euro_coins,9ccd8109eb.jpg,1
euro_coins,a1bb0d205a.jpg,8
euro_coins,a36be81d4b.jpg,1
euro_coins,a4f07889a9.jpg,2
euro_coins,a6fae6992c.jpg,8
euro_coins,a8e7c7a5a0.jpg,8
euro_coins,ab19a4320a.jpg,3
euro_coins,abc8d5a860.jpg,8
euro_coins,ae2f8ba972.jpg,3
euro_coins,aeac0ceaf6.jpg,4
euro_coins,aee6c8e699.jpg,2
euro_coins,affc660e09.jpg,3
euro_coins,b11e29c167.jpg,8
euro_coins,b16d25d0f8.jpg,2
euro_coins,b3939358e4.jpg,2
euro_coins,b3f185cadd.jpg,8
euro_coins,b487770510.jpg,1
euro_coins,b54ce1f3de.jpg,6
euro_coins,b62375858b.jpg,16
euro_coins,b8dc6fd870.jpg,1
euro_coins,b91eb1a310.jpg,2
euro_coins,b949c3fb90.jpg,1
euro_coins,bb0bdcd84d.jpg,3
euro_coins,bbcf703dd5.jpg,1
euro_coins,bc0855f439.jpg,1
euro_coins,bc4a18ff1f.jpg,3
euro_coins,bef8afa7af.jpg,6
euro_coins,c086d0fe16.jpg,2
euro_coins,c0bd7b83a4.jpg,2
euro_coins,c25be2222d.jpg,12
euro_coins,c3bdd9fe03.jpg,2
euro_coins,c3be73016e.jpg,1
euro_coins,c563ef6cdd.jpg,1
euro_coins,c5cf6a5c34.jpg,8
euro_coins,c6484e1b02.jpg,2
euro_coins,c68b8697d4.jpg,9
euro_coins,c6ff757750.jpg,10
euro_coins,c7211edf6c.jpg,1
euro_coins,c9b204ae4f.jpg,1
euro_coins,caacb13741.jpg,1
euro_coins,cb3e4b105c.jpg,1
euro_coins,cbb8677846.jpg,12
euro_coins,cd01890f6d.jpg,1
euro_coins,cd3057d705.jpg,1
euro_coins,cdb414f9d4.jpg,8
euro_coins,cea64212c1.jpg,2
euro_coins,cffb6c6a2a.jpg,4
euro_coins,d1fc6b23e9.jpg,2
euro_coins,d22531cbc0.jpg,1
euro_coins,d5381d6c9c.jpg,11
euro_coins,d95ed4083d.jpg,8
euro_coins,da11147310.jpg,2
euro_coins,dbc661538d.jpg,8
euro_coins,dc372bda0c.jpg,1
euro_coins,dc9f28d4dc.jpg,1
euro_coins,dde120d0f3.jpg,8
euro_coins,defe0c372f.jpg,2
euro_coins,df18c3f97a.jpg,1
euro_coins,df63632db9.jpg,1
euro_coins,dfd7bd3f2e.jpg,1
euro_coins,e29dbcfa9a.jpg,4
euro_coins,e2a5faebc0.jpg,5
euro_coins,e2b708fa1a.jpg,2
euro_coins,e3063c7b59.jpg,1
euro_coins,e3558ac6c5.jpg,1
euro_coins,e514e16e99.jpg,3
euro_coins,e546757803.jpg,2
euro_coins,e5913fa2ea.jpg,2
euro_coins,e5e9ac7e37.jpg,3
euro_coins,eb66218305.jpg,16
euro_coins,eba230ec7a.jpg,2
euro_coins,ebbcd5a2c8.jpg,2
euro_coins,ed1f1c3d14.jpg,8
euro_coins,ee28731997.jpg,8
euro_coins,ef0b785d09.jpg,1
euro_coins,f07b3d633d.jpg,2
euro_coins,f2f7530040.jpg,102
euro_coins,f374b15248.jpg,1
euro_coins,f3c81d3d71.jpg,1
euro_coins,f4f9c6fcb5.jpg,1
euro_coins,f627dbdd5e.jpg,16
euro_coins,f63b6856e5.jpg,1
euro_coins,f63d04a0ec.jpg,23
euro_coins,f6a6dd9475.jpg,1
euro_coins,f7b6272497.jpg,2
euro_coins,f8c8e2d9aa.jpg,1
euro_coins,f9eb85647d.jpg,1
euro_coins,fb74b7a7d6.jpg,2
euro_coins,fb8593d04c.jpg,8
euro_coins,fc21d36337.jpg,1
euro_coins,fcf309eac1.jpg,5
euro_coins,fd46ecf4bd.jpg,96
euro_coins,ff958ed226.jpg,8
indian_coins,021c3a3b47.jpg,4
indian_coins,035894a0b4.jpg,4
indian_coins,0382b12586.jpg,16
indian_coins,047ee0cc29.jpg,1
indian_coins,05f2e89a70.jpg,1
indian_coins,06742cbf0c.jpg,8
indian_coins,078aaee7f6.jpg,2
indian_coins,086ac3ae3a.jpg,1
indian_coins,0ade544ba4.jpg,1
indian_coins,0b3270afd8.jpg,7
indian_coins,0d4006daa4.jpg,1
indian_coins,0e9ef4cff8.jpg,2
indian_coins,0ec550d816.jpg,18
indian_coins,105203c1fa.jpg,1
indian_coins,10ceb841f5.jpg,1
indian_coins,12691e6810.jpg,5
indian_coins,136963fb7a.jpg,1
indian_coins,13f2c1dfdf.jpg,14
indian_coins,1417562e39.jpg,2
indian_coins,1480327083.jpg,1
indian_coins,15711b4e24.jpg,1
indian_coins,157bb6e850.jpg,32
indian_coins,1594ea1ed8.jpg,2
indian_coins,15e76610ee.jpg,10
indian_coins,162d62e024.jpg,34
indian_coins,16ae4f5a08.jpg,3
indian_coins,172397185b.jpg,2
indian_coins,17969bea5f.jpg,17
indian_coins,17da18bd61.jpg,1
indian_coins,19c3d0c935.jpg,2
indian_coins,1a01d5b63d.jpg,10
indian_coins,1a7b932da6.jpg,1
indian_coins,1c1fc59992.jpg,4
indian_coins,1ea5f31105.jpg,1
indian_coins,1ff5b897bb.jpg,2
indian_coins,20b841ebbb.jpg,2
indian_coins,22cd8a3f7e.jpg,18
indian_coins,232c8dcda3.jpg,5
indian_coins,25b604700f.jpg,2
indian_coins,2841ae3c77.jpg,1
indian_coins,28740b882f.jpg,2
indian_coins,2993f8fbec.jpg,16
indian_coins,2af6f7e9f6.jpg,4
indian_coins,2d1f1f8877.jpg,1
indian_coins,34e17c641a.jpg,1
indian_coins,3775ab6b91.jpg,1
indian_coins,3a25266579.jpg,8
indian_coins,3a3d630d6a.jpg,16
indian_coins,3b10038d77.jpg,4
indian_coins,3d4737e9b4.jpg,18
indian_coins,3fa08174b0.jpg,5
indian_coins,40fd44af07.jpg,2
indian_coins,412cf3a73b.jpg,18
indian_coins,414caf879b.jpg,6
indian_coins,425a36325d.jpg,1
indian_coins,42bab70b6a.jpg,1
indian_coins,44363795b6.jpg,2
indian_coins,443a17b065.jpg,1
indian_coins,452ab80e21.jpg,1
indian_coins,459f0a2d6e.jpg,1
indian_coins,4842b5f303.jpg,8
indian_coins,48dc011cd0.jpg,8
indian_coins,49e2aa77e1.jpg,2
indian_coins,4a18c1eb4b.jpg,1
indian_coins,4a77e5b52b.jpg,1
indian_coins,4c4bb86d69.jpg,2
indian_coins,4dfebea98b.jpg,13
indian_coins,4fb267b918.jpg,10
indian_coins,50797d435f.jpg,34
indian_coins,50c2d6d705.jpg,6
indian_coins,561c0108ca.jpg,16
indian_coins,570b52d6f3.jpg,5
indian_coins,57ced878ff.jpg,4
indian_coins,586763341c.jpg,2
indian_coins,594019de84.jpg,6
indian_coins,598bca2737.jpg,24
indian_coins,5a5bc5bf7c.jpg,2
indian_coins,61c87eead2.jpg,4
indian_coins,630daf0421.jpg,2
indian_coins,63f9036b39.jpg,24
indian_coins,6447c89e59.jpg,1
indian_coins,66d423deb6.jpg,2
indian_coins,66f5173202.jpg,1
indian_coins,693c668f7a.jpg,1
indian_coins,698f85fc00.jpg,10
indian_coins,6c631c45a6.jpg,2
indian_coins,6c8ccc2bdc.jpg,2
indian_coins,6da8539078.jpg,5
indian_coins,6e069dcbca.jpg,6
indian_coins,6f19fc67f9.jpg,10
indian_coins,6fe09bf38f.jpg,10
indian_coins,70a3f30798.jpg,13
indian_coins,70b921d69e.jpg,2
indian_coins,72289e6488.jpg,1
indian_coins,7234e2c3f7.jpg,29
indian_coins,74bd09ba9c.jpg,24
indian_coins,75f86edf64.jpg,5
indian_coins,767e663a8d.jpg,20
indian_coins,76b061ea7b.jpg,2
indian_coins,7bc5d3c074.jpg,8
indian_coins,7c764fe45c.jpg,2
indian_coins,804eb6542a.jpg,10
indian_coins,8192dea1a3.jpg,1
indian_coins,8261b7b5fe.jpg,6
indian_coins,83534d6ef5.jpg,2
indian_coins,8458667db4.jpg,9
indian_coins,855a6d9304.jpg,18
indian_coins,8590d24357.jpg,1
indian_coins,85db729dc0.jpg,16
indian_coins,860522d99d.jpg,1
indian_coins,86c2457cf4.jpg,4
indian_coins,87a53bcaa2.jpg,1
indian_coins,8874cf66b0.jpg,12
indian_coins,887705c685.jpg,1
indian_coins,8d4c55ac86.jpg,2
indian_coins,8f5fcba1e0.jpg,13
indian_coins,916825e701.jpg,13
indian_coins,91e83a53ca.jpg,18
indian_coins,91f378e89c.jpg,2
indian_coins,9293f71455.jpg,2
indian_coins,939e9507f7.jpg,6
indian_coins,94ee21f982.jpg,2
indian_coins,95874faa74.jpg,4
indian_coins,95a153ed47.jpg,1
indian_coins,95a155ca19.jpg,1
indian_coins,95d8ad5e52.jpg,1
indian_coins,96e18862f6.jpg,18
indian_coins,96ef4a2baf.jpg,1
indian_coins,97d1fda139.jpg,12
indian_coins,980bc77535.jpg,3
indian_coins,982f3231be.jpg,1
indian_coins,988e13d62f.jpg,2
indian_coins,99c4a4e23f.jpg,8
indian_coins,9ab2063425.jpg,1
indian_coins,9afbc406cb.jpg,2
indian_coins,9c0b6f75fe.jpg,21
indian_coins,9f842daf5a.jpg,12
indian_coins,a0fa07ce56.jpg,3
indian_coins,a13251065f.jpg,4
indian_coins,a1fae3d9ea.jpg,26
indian_coins,a2a8bf1d72.jpg,8
indian_coins,a31ee22c9d.jpg,1
indian_coins,a4af3947fc.jpg,1
indian_coins,a57ec6c2ef.jpg,5
indian_coins,a585573ce9.jpg,18
indian_coins,a59230ef5b.jpg,23
indian_coins,a7fcca49c4.jpg,1
indian_coins,a810007878.jpg,2
indian_coins,a879e697d1.jpg,16
indian_coins,ab772bd209.jpg,21
indian_coins,acb7a41601.jpg,1
indian_coins,acf778133f.jpg,1
indian_coins,af6072b73e.jpg,4
indian_coins,b172dc4655.jpg,4
indian_coins,b19f0410ae.jpg,16
indian_coins,b2b0e37a1b.jpg,1
indian_coins,b2d20bb7a7.jpg,6
indian_coins,b2ff113277.jpg,3
indian_coins,b402eb5236.jpg,1
indian_coins,b47e7995b1.jpg,17
indian_coins,b4e8a70758.jpg,1
indian_coins,b75b26403f.jpg,20
indian_coins,b7a84e20f6.jpg,12
indian_coins,b7cd0d607c.jpg,3
indian_coins,b998d39ce6.jpg,1
indian_coins,bc0d47a86c.jpg,1
indian_coins,bc9f23081e.jpg,8
indian_coins,bd42aaf8a7.jpg,1
indian_coins,bd73b9a957.jpg,1
indian_coins,be037b359a.jpg,26
indian_coins,be274debd7.jpg,17
indian_coins,be7d24b8d4.jpg,1
indian_coins,beda23e801.jpg,1
indian_coins,c28327c953.jpg,16
indian_coins,c42f36de69.jpg,2
indian_coins,c45fe65ea2.jpg,1
indian_coins,c8712c2c8d.jpg,24
indian_coins,ca6b31ec93.jpg,1
indian_coins,cd3c547b55.jpg,5
indian_coins,cd4894b02c.jpg,1
indian_coins,ce2ceddbd7.jpg,1
indian_coins,cf600fc42a.jpg,1
indian_coins,d14e3c74d8.jpg,1
indian_coins,d3a549a4ac.jpg,1
indian_coins,d477f58eb4.jpg,1
indian_coins,d5276b3a80.jpg,4
indian_coins,d55b182038.jpg,1
indian_coins,d5d11545c4.jpg,10
indian_coins,d619a142b8.jpg,1
indian_coins,d9eb2a060c.jpg,29
indian_coins,dd469b26ec.jpg,1
indian_coins,dee37df938.jpg,4
indian_coins,defd696423.jpg,2
indian_coins,e099af3e16.jpg,2
indian_coins,e0ddbd63db.jpg,1
indian_coins,e1b6045d2a.jpg,8
indian_coins,e311827f78.jpg,1
indian_coins,e3c52e2789.jpg,2
indian_coins,e4ddd70fc7.jpg,1
indian_coins,e58d420bba.jpg,1
indian_coins,e5fc4d83a1.jpg,1
indian_coins,e700c21c92.jpg,2
indian_coins,e71f45171e.jpg,2
indian_coins,ecb30e89ac.jpg,10
indian_coins,edc9271555.jpg,17
indian_coins,ee751a88fd.jpg,1
indian_coins,eed33b1451.jpg,1
indian_coins,f3035e00dd.jpg,2
indian_coins,f44f8f383c.jpg,1
indian_coins,f4869667c1.jpg,4
indian_coins,f4c3cc518a.jpg,2
indian_coins,f55966556e.jpg,10
indian_coins,f671cfbcc5.jpg,16
indian_coins,f8192fb98a.jpg,7
indian_coins,f88bad54b1.jpg,1
indian_coins,f8b885cd3d.jpg,27
indian_coins,f8d077d6cc.jpg,2
indian_coins,fa6cf5fff5.jpg,5
indian_coins,fb5d96bbe4.jpg,1
indian_coins,fd8e81d362.jpg,10
peso_coins,00732eb02f.jpg,1
peso_coins,021c452f71.jpg,1
peso_coins,05f9928de4.jpg,1
peso_coins,0605bf8c6a.jpg,5
peso_coins,06f933e84d.jpg,2
peso_coins,0c0ea30f84.jpg,6
peso_coins,0e1e77c1f7.jpg,10
peso_coins,0f1cb59bc0.jpg,1
peso_coins,1056ba9959.jpg,12
peso_coins,1100b0c63f.jpg,2
peso_coins,12fab03c12.jpg,3
peso_coins,13baec6607.jpg,1
peso_coins,13e92cac7b.jpg,6
peso_coins,14641abdc0.jpg,2
peso_coins,158a65eb45.jpg,3
peso_coins,16257f005f.jpg,2
peso_coins,162ed89d78.jpg,4
peso_coins,169b3b05b2.jpg,2
peso_coins,184e3efca8.jpg,1
peso_coins,18e5daff24.jpg,4
peso_coins,1d7399cc90.jpg,2
peso_coins,1e4b936e3a.jpg,14
peso_coins,2176eb5658.jpg,4
peso_coins,221321b870.jpg,16
peso_coins,243838442c.jpg,1
peso_coins,29d9c057db.jpg,6
peso_coins,2a5edf5b8f.jpg,2
peso_coins,2c6f01e113.jpg,1
peso_coins,2c827578ab.jpg,1
peso_coins,2cb87a5afc.jpg,2
peso_coins,303f83252a.jpg,1
peso_coins,30eafce531.jpg,2
peso_coins,345392dcc4.jpg,2
peso_coins,34df799692.jpg,3
peso_coins,37b79ffb9e.jpg,3
peso_coins,382e9c61d2.jpg,2
peso_coins,3936e353b5.jpg,4
peso_coins,3ab8b1eafe.jpg,3
peso_coins,3b8ce2c645.jpg,2
peso_coins,3c1e9ba74e.jpg,2
peso_coins,3ce14ca22d.jpg,1
peso_coins,3ce7a4f8d3.jpg,9
peso_coins,3cea17a50a.jpg,1
peso_coins,3ff6d3771e.jpg,5
peso_coins,40ec550145.jpg,1
peso_coins,41f86ed20a.jpg,1
peso_coins,423f759e95.jpg,7
peso_coins,4648c0065d.jpg,2
peso_coins,46a359fa40.jpg,2
peso_coins,48892754b8.jpg,4
peso_coins,4a00c673be.jpg,8
peso_coins,4a94a53a4d.jpg,1
peso_coins,4c110b3f38.jpg,4
peso_coins,50e957fd57.jpg,2
peso_coins,5116f9eba7.jpg,1
peso_coins,525b19e5f8.jpg,14
peso_coins,54471e89b6.jpg,1
peso_coins,54a2451c08.jpg,10
peso_coins,58756c918e.jpg,2
peso_coins,5a62670e5a.jpg,2
peso_coins,5b0f5bc22e.jpg,4
peso_coins,5be6be6e8b.jpg,1
peso_coins,5ea14bb05c.jpg,1
peso_coins,5f1ac2f048.jpg,1
peso_coins,5f344d1d4a.jpg,6
peso_coins,5f668902ab.jpg,12
peso_coins,5fd721d328.jpg,7
peso_coins,5fe4f5974e.jpg,2
peso_coins,61666fe63c.jpg,5
peso_coins,62359ef89a.jpg,2
peso_coins,624829575b.jpg,23
peso_coins,62e09c743a.jpg,6
peso_coins,6593709bcb.jpg,6
peso_coins,6616a6eced.jpg,18
peso_coins,66c1fa6321.jpg,1
peso_coins,67e9f0ad19.jpg,5
peso_coins,683980f276.jpg,12
peso_coins,68b9717d06.jpg,2
peso_coins,68cd8a6671.jpg,1
peso_coins,6a7cf885b3.jpg,1
peso_coins,6ae1dcd74f.jpg,1
peso_coins,6af7c46c14.jpg,3
peso_coins,6bc08a3b47.jpg,2
peso_coins,6c67bcfc1c.jpg,2
peso_coins,6dc663a9cc.jpg,14
peso_coins,6def3a281a.jpg,4
peso_coins,7099043cd4.jpg,5
peso_coins,727acd6f92.jpg,5
peso_coins,729cd49888.jpg,2
peso_coins,735f701622.jpg,6
peso_coins,761cbe7363.jpg,5
peso_coins,76823d4d0b.jpg,4
peso_coins,78b584e4eb.jpg,2
peso_coins,7d411f1cfd.jpg,1
peso_coins,7e89d91136.jpg,6
peso_coins,7f8d8ba579.jpg,5
peso_coins,8337d848a1.jpg,2
peso_coins,8462cbc1a1.jpg,3
peso_coins,856297b40c.jpg,1
peso_coins,857e443a5c.jpg,8
peso_coins,85acd68e6b.jpg,4
peso_coins,85e2ffbf5c.jpg,2
peso_coins,8a286b8350.jpg,9
peso_coins,8b14f73c50.jpg,1
peso_coins,8f7ce767df.jpg,1
peso_coins,90d8fb7c6b.jpg,2
peso_coins,95048f1133.jpg,1
peso_coins,95dfda47b0.jpg,1
peso_coins,96646c7500.jpg,1
peso_coins,97b82b3e22.jpg,2
peso_coins,97c8c55575.jpg,5
peso_coins,995c3f39e3.jpg,17
peso_coins,9a6e4e2a80.jpg,2
peso_coins,9b0ef17a21.jpg,3
peso_coins,9b73f4da4c.jpg,1
peso_coins,9d0dc50226.jpg,2
peso_coins,9da70a732b.jpg,6
peso_coins,9f4aa01f35.jpg,1
peso_coins,9fade6cd4e.jpg,2
peso_coins,a06c57f985.jpg,2
peso_coins,a47eb7a8d1.jpg,9
peso_coins,a61dea7681.jpg,3
peso_coins,a865c2830f.jpg,2
peso_coins,a89dd64b42.jpg,8
peso_coins,a91987cca2.jpg,7
peso_coins,ac1e56f809.jpg,8
peso_coins,ad6fa9abd5.jpg,2
peso_coins,af48e3a674.jpg,1
peso_coins,b078d19f0b.jpg,14
peso_coins,b5090e860a.jpg,2
peso_coins,baeb9b0746.jpg,4
peso_coins,bcd60503ea.jpg,3
peso_coins,bd853d373d.jpg,2
peso_coins,c05014ad16.jpg,6
peso_coins,c0a3a7bfff.jpg,7
peso_coins,c153cb4f57.jpg,1
peso_coins,c1ab7ae37f.jpg,6
peso_coins,c4020f2ebb.jpg,8
peso_coins,c6aeae0030.jpg,4
peso_coins,c76916cc7c.jpg,1
peso_coins,c9f52a349e.jpg,1
peso_coins,ca7ac0fb97.jpg,2
peso_coins,cd822a630c.jpg,5
peso_coins,d1696b90db.jpg,2
peso_coins,d2c655e8ff.jpg,3
peso_coins,d5bb73b271.jpg,1
peso_coins,d5e771c535.jpg,6
peso_coins,d61f49a8b8.jpg,17
peso_coins,d74a6ec20c.jpg,1
peso_coins,d7d814119d.jpg,2
peso_coins,d9bd662174.jpg,2
peso_coins,d9c4372483.jpg,2
peso_coins,d9d1fd38d9.jpg,6
peso_coins,df5acc590e.jpg,1
peso_coins,dfbb7a8b53.jpg,6
peso_coins,e05db179d0.jpg,2
peso_coins,e0bd411a68.jpg,1
peso_coins,e34f0afdcc.jpg,1
peso_coins,e75188df16.jpg,2
peso_coins,ea879277ec.jpg,1
peso_coins,eaf6c3a2eb.jpg,9
peso_coins,ecd7f82d6a.jpg,1
peso_coins,ed2b624ace.jpg,2
peso_coins,eddb7fc958.jpg,2
peso_coins,ef0986ac8c.jpg,1
peso_coins,ef46b04434.jpg,3
peso_coins,efc291356a.jpg,5
peso_coins,f0d1f625a3.jpg,2
peso_coins,f2457ef7b5.jpg,4
peso_coins,f24cac2291.jpg,2
peso_coins,f2fe5f8bd7.jpg,14
peso_coins,f511c635db.jpg,1
peso_coins,f57fa52c00.jpg,5
peso_coins,f65d1afa5b.jpg,1
peso_coins,f73b77c876.jpg,1
peso_coins,f76ce6a0e2.jpg,4
peso_coins,f7974dca21.jpg,2
peso_coins,f7a05724be.jpg,1
peso_coins,f7c61a41ed.jpg,1
peso_coins,f93929818f.jpg,9
peso_coins,fa2f71338d.jpg,8
peso_coins,fcd315987d.jpg,1
peso_coins,fd27e38cb2.jpg,2
peso_coins,ff988eede5.jpg,1
us_coins,00beb51b9c.jpg,4
us_coins,01043cbab3.jpg,1
us_coins,042663dd1d.jpg,2
us_coins,06884cc891.jpg,5
us_coins,06960162ac.jpg,3
us_coins,069f877951.jpg,2
us_coins,07dcdd0ac6.jpg,11
us_coins,08f1f2f13c.jpg,1
us_coins,0c4a62f358.jpg,2
us_coins,0cd66055e2.jpg,5
us_coins,0d493d0226.jpg,5
us_coins,0ffd1b4eb3.jpg,4
us_coins,1015a90947.jpg,5
us_coins,10871c66ab.jpg,1
us_coins,116c21aba5.jpg,1
us_coins,13e96621c2.jpg,1
us_coins,1429f4f776.jpg,3
us_coins,14a01b1286.jpg,1
us_coins,15d5a9c4a6.jpg,5
us_coins,16b5d76d83.jpg,1
us_coins,1a1f6fe1c9.jpg,1
us_coins,1b92cbd25d.jpg,4
us_coins,1bb67ad3bf.jpg,1
us_coins,1bf6e7be25.jpg,7
us_coins,1d1f42df01.jpg,4
us_coins,1df106c782.jpg,4
us_coins,1e759db17f.jpg,6
us_coins,1fa0ef9061.jpg,1
us_coins,2126ca47ef.jpg,2
us_coins,2174d225c8.jpg,1
us_coins,217b03bce0.jpg,8
us_coins,226bd2aa44.jpg,4
us_coins,23efa768f5.jpg,4
us_coins,24fc838136.jpg,4
us_coins,267a58e31a.jpg,1
us_coins,28f12e9a03.jpg,1
us_coins,2a2d528578.jpg,1
us_coins,2c23ddba4b.jpg,4
us_coins,2c8f0e58fb.jpg,2
us_coins,2cc3e7ad62.jpg,1
us_coins,2ce2c9599b.jpg,12
us_coins,2d05273320.jpg,4
us_coins,3026b5c71e.jpg,16
us_coins,3168dbe3cb.jpg,2
us_coins,325b48be7d.jpg,7
us_coins,3361ddfad9.jpg,3
us_coins,33cc06b522.jpg,1
us_coins,34a00e3178.jpg,2
us_coins,36399ea2d5.jpg,1
us_coins,3703338220.jpg,15
us_coins,37cf4e1e95.jpg,8
us_coins,39b893788d.jpg,4
us_coins,3b6bf8f4c7.jpg,1
us_coins,3ccb8bdeb2.jpg,1
us_coins,3ce90b158f.jpg,1
us_coins,3d47579113.jpg,6
us_coins,3fd4c0747a.jpg,2
us_coins,4232559650.jpg,12
us_coins,42332e549e.jpg,1
us_coins,45df630bd1.jpg,6
us_coins,469f03c9d1.jpg,2
us_coins,4748548408.jpg,2
us_coins,4b1a1306e9.jpg,3
us_coins,4be02a3a07.jpg,1
us_coins,4c85a4fa31.jpg,2
us_coins,4c8831cc19.jpg,1
us_coins,5212ab24ee.jpg,2
us_coins,534dcf1be9.jpg,1
us_coins,53ce3eb155.jpg,2
us_coins,559c24cbe6.jpg,1
us_coins,5a77a640e3.jpg,6
us_coins,5ad7586100.jpg,1
us_coins,5c7ebf7a0b.jpg,1
us_coins,5cb54bfecd.jpg,2
us_coins,5df5c38fc3.jpg,1
us_coins,60af1d608c.jpg,2
us_coins,60e361b06b.jpg,4
us_coins,610a22d31c.jpg,1
us_coins,621a6bc098.jpg,2
us_coins,62a2c77efe.jpg,1
us_coins,658ae71b78.jpg,2
us_coins,65be5522ce.jpg,8
us_coins,667f23ae7b.jpg,2
us_coins,69828182e8.jpg,2
us_coins,6ab67a8787.jpg,3
us_coins,6e1261a377.jpg,8
us_coins,6e453ace62.jpg,1
us_coins,705ab53a8e.jpg,6
us_coins,73be72dca5.jpg,1
us_coins,77463d75de.jpg,2
us_coins,781fbd99db.jpg,1
us_coins,79eb826b40.jpg,24
us_coins,7cb9d8d37c.jpg,15
us_coins,80840fc1bc.jpg,5
us_coins,828ec179f3.jpg,6
us_coins,82a4014ebf.jpg,2
us_coins,84e8f68874.jpg,1
us_coins,851e1f2171.jpg,5
us_coins,85d0e0160b.jpg,12
us_coins,87180e9bba.jpg,4
us_coins,87734b8965.jpg,6
us_coins,8a5bc6a875.jpg,1
us_coins,8c4f098db6.jpg,4
us_coins,9220b16249.jpg,1
us_coins,96dc60f04e.jpg,4
us_coins,979ea8e95e.jpg,2
us_coins,97c9d2a94c.jpg,1
us_coins,99c4c7188a.jpg,8
us_coins,99ccf439da.jpg,2
us_coins,99f9d25972.jpg,1
us_coins,9bdbb5305f.jpg,4
us_coins,9c96c89453.jpg,2
us_coins,9d481c9234.jpg,2
us_coins,9e72b76645.jpg,2
us_coins,a3ccbbb7a8.jpg,1
us_coins,a5765171bf.jpg,1
us_coins,af3961efff.jpg,2
us_coins,b325fa361c.jpg,20
us_coins,b363118bdf.jpg,1
us_coins,b37d3960f1.jpg,4
us_coins,b540da58d7.jpg,2
us_coins,b642fc16e2.jpg,2
us_coins,b85417809b.jpg,1
us_coins,b861b9f53d.jpg,2
us_coins,b8d281dcec.jpg,7
us_coins,be792d73f8.jpg,1
us_coins,bfc5c84cfe.jpg,6
us_coins,c04429f0eb.jpg,2
us_coins,c179985e9b.jpg,3
us_coins,c275dac81d.jpg,2
us_coins,c46f224081.jpg,8
us_coins,c6cc165937.jpg,7
us_coins,c83aacc770.jpg,1
us_coins,c86fa6d3b6.jpg,1
us_coins,c9507987c9.jpg,1
us_coins,ca5386b28f.jpg,1
us_coins,ca589b9f6c.jpg,3
us_coins,cbe4b28451.jpg,1
us_coins,cdc81c633a.jpg,1
us_coins,cf7c1e37a9.jpg,6
us_coins,cfa7c0008e.jpg,20
us_coins,d0448196ac.jpg,1
us_coins,d45c4208e6.jpg,2
us_coins,d5106c4c0d.jpg,12
us_coins,d5b1af919d.jpg,4
us_coins,d64f9ec859.jpg,3
us_coins,d7e7cbbc98.jpg,5
us_coins,d954b3bb1c.jpg,4
us_coins,da48497fc3.jpg,7
us_coins,de596c15f6.jpg,4
us_coins,df4312ddd7.jpg,1
us_coins,dff31bb1fa.jpg,4
us_coins,e34a9453ef.jpg,3
us_coins,e5b36a6193.jpg,4
us_coins,e739ee141e.jpg,6
us_coins,e7b6e326da.jpg,2
us_coins,e9f3332e88.jpg,9
us_coins,eac92d0381.jpg,4
us_coins,ebcd9f9c50.jpg,1
us_coins,ed90b69834.jpg,4
us_coins,f1c404f257.jpg,1
us_coins,f1eb976813.jpg,4
us_coins,f4aba8a6bd.jpg,1
us_coins,f5daf2d933.jpg,1
us_coins,f8b3115d77.jpg,5
us_coins,f9246952c5.jpg,6
us_coins,f974a284f4.jpg,2
us_coins,fa7913c9e1.jpg,1
us_coins,faa1a0b6b6.jpg,15
us_coins,fd3fe718a7.jpg,1
us_coins,fd79562e5f.jpg,1
us_coins,fe1a028d45.jpg,2
us_coins,fe4fe6f808.jpg,2
yen_coins,01685f1057.jpg,7
yen_coins,03e6960b68.jpg,1
yen_coins,058874b856.jpg,1
yen_coins,05db64f4a6.jpg,2
yen_coins,07be652b52.jpg,2
yen_coins,08925dda9f.jpg,2
yen_coins,08e75a2e06.jpg,1
yen_coins,0971e9de44.jpg,1
yen_coins,0bb933b990.jpg,12
yen_coins,0f89a0e53d.jpg,6
yen_coins,12673f3cdf.jpg,6
yen_coins,12fa6090a9.jpg,2
yen_coins,13d366776e.jpg,6
yen_coins,14021b452a.jpg,2
yen_coins,141ba0ed24.jpg,2
yen_coins,1486e9895a.jpg,2
yen_coins,1591723965.jpg,1
yen_coins,1657f7864e.jpg,2
yen_coins,17a0e9bfc9.jpg,2
yen_coins,18082376d0.jpg,4
yen_coins,182209e67d.jpg,3
yen_coins,1853ee1be0.jpg,6
yen_coins,1b1676cf44.jpg,1
yen_coins,1c1c268cb8.jpg,14
yen_coins,1cb9361d5b.jpg,1
yen_coins,1dc7bf8b63.jpg,2
yen_coins,1f208af312.jpg,1
yen_coins,2007984e1f.jpg,3
yen_coins,232c6beb27.jpg,5
yen_coins,2398be4f4e.jpg,1
yen_coins,23a4f6cbd5.jpg,3
yen_coins,23c840f179.jpg,1
yen_coins,24bdd6a6de.jpg,2
yen_coins,24fb7d282d.jpg,14
yen_coins,251d54716b.jpg,1
yen_coins,254a16b0c8.jpg,1
yen_coins,25bf0c689d.jpg,1
yen_coins,26d831ac00.jpg,1
yen_coins,2822887d98.jpg,9
yen_coins,2dbb4104d5.jpg,2
yen_coins,2e6896d8e6.jpg,1
yen_coins,2ef0e8e52a.jpg,2
yen_coins,3033e880c0.jpg,5
yen_coins,31cd909cf4.jpg,6
yen_coins,32739a40f2.jpg,1
yen_coins,32f018be10.jpg,6
yen_coins,33dee6074e.jpg,12
yen_coins,34129827bc.jpg,2
yen_coins,34b27970d3.jpg,6
yen_coins,39447d2ec9.jpg,4
yen_coins,3a1bd86807.jpg,12
yen_coins,3b81b8aba5.jpg,1
yen_coins,3c02c31de1.jpg,1
yen_coins,3c32d6816f.jpg,1
yen_coins,3dd52317fa.jpg,7
yen_coins,3e32ae667c.jpg,2
yen_coins,417bff4cc6.jpg,1
yen_coins,4302480ce8.jpg,2
yen_coins,432ce0094b.jpg,2
yen_coins,437b494202.jpg,1
yen_coins,446904f332.jpg,2
yen_coins,46b90f1fdc.jpg,1
yen_coins,46c10b3462.jpg,6
yen_coins,46f9620171.jpg,1
yen_coins,4701fbffe3.jpg,6
yen_coins,47386c894d.jpg,1
yen_coins,475538da33.jpg,1
yen_coins,47bbb23f1a.jpg,5
yen_coins,4979a0b5f7.jpg,2
yen_coins,4b1611d015.jpg,5
yen_coins,4d27842027.jpg,4
yen_coins,4ed4743387.jpg,1
yen_coins,51b0c438d1.jpg,2
yen_coins,51cc36c469.jpg,7
yen_coins,522a707494.jpg,12
yen_coins,53b366dc83.jpg,6
yen_coins,53ce45a5ad.jpg,2
yen_coins,550aa8f7f8.jpg,1
yen_coins,55d6279c35.jpg,2
yen_coins,56b11330fa.jpg,2
yen_coins,57ea0eb995.jpg,6
yen_coins,58623c0d30.jpg,2
yen_coins,5881e3dd7c.jpg,1
yen_coins,5a737a0967.jpg,1
yen_coins,5a93f5b090.jpg,2
yen_coins,5b1fe4a5e1.jpg,2
yen_coins,5b3a1fa09e.jpg,8
yen_coins,5e1ea72c72.jpg,13
yen_coins,5f97c10a98.jpg,1
yen_coins,6062dd6aa4.jpg,1
yen_coins,6192330d8c.jpg,4
yen_coins,632a346c3a.jpg,7
yen_coins,65a4843235.jpg,1
yen_coins,65edb1d540.jpg,12
yen_coins,665b1c95bc.jpg,1
yen_coins,66b057611c.jpg,1
yen_coins,66f15463b4.jpg,6
yen_coins,67b7a0a2d0.jpg,1
yen_coins,67b9d07963.jpg,1
yen_coins,69babb7349.jpg,1
yen_coins,6fdedc75bc.jpg,8
yen_coins,710de9a8fa.jpg,1
yen_coins,752d671b74.jpg,6
yen_coins,77d310fe4f.jpg,5
yen_coins,7870cce3a1.jpg,2
yen_coins,79a88cbcc1.jpg,2
yen_coins,7ab7bb225a.jpg,2
yen_coins,7b2fcb5dfc.jpg,2
yen_coins,7c3cf57a2c.jpg,2
yen_coins,7cfb41bac3.jpg,1
yen_coins,7de2627e28.jpg,2
yen_coins,7defd3bdb7.jpg,6
yen_coins,7df509bc55.jpg,1
yen_coins,7f4f7dec71.jpg,1
yen_coins,807f5448b5.jpg,12
yen_coins,813563c984.jpg,2
yen_coins,82190ba644.jpg,1
yen_coins,825e4c1992.jpg,2
yen_coins,839e3d00d2.jpg,6
yen_coins,83a8d84b14.jpg,1
yen_coins,83dce1fa00.jpg,2
yen_coins,858451585d.jpg,9
yen_coins,85e785fb3b.jpg,14
yen_coins,86af94dc1f.jpg,1
yen_coins,8834ee51da.jpg,5
yen_coins,8910105010.jpg,3
yen_coins,89c3283c43.jpg,1
yen_coins,89c6f29a65.jpg,4
yen_coins,8a86e0f116.jpg,1
yen_coins,8b1da9c908.jpg,1
yen_coins,8cdf5272cc.jpg,2
yen_coins,8eb878ba2e.jpg,12
yen_coins,8eca38d54b.jpg,1
yen_coins,910ecde00b.jpg,15
yen_coins,93957ef097.jpg,2
yen_coins,9545841874.jpg,1
yen_coins,96f736f54f.jpg,1
yen_coins,97122dd108.jpg,2
yen_coins,9742d5e9e3.jpg,2
yen_coins,9743d218ea.jpg,1
yen_coins,9a8b11d5b0.jpg,2
yen_coins,9c14bd0aac.jpg,1
yen_coins,9d80f0cbaf.jpg,11
yen_coins,9f52d4c146.jpg,1
yen_coins,a11e78a456.jpg,16
yen_coins,a319848121.jpg,2
yen_coins,a46a276558.jpg,1
yen_coins,a5bddfdf50.jpg,6
yen_coins,a78251f564.jpg,1
yen_coins,a7bc8fa98a.jpg,1
yen_coins,a933a8bcc6.jpg,2
yen_coins,a97e658d9c.jpg,1
yen_coins,abcae9339c.jpg,1
yen_coins,aeb3f9ea8b.jpg,6
yen_coins,af8934a76c.jpg,1
yen_coins,b146f1c0b5.jpg,2
yen_coins,b4971d4f15.jpg,1
yen_coins,b4a9dcae76.jpg,4
yen_coins,b54a0212e3.jpg,2
yen_coins,b5fd7ac418.jpg,1
yen_coins,b94a8433ab.jpg,2
yen_coins,b9aafe65d8.jpg,2
yen_coins,bb4ab48878.jpg,2
yen_coins,bc263989ab.jpg,1
yen_coins,bdfa9cbd34.jpg,1
yen_coins,bead3b82b7.jpg,1
yen_coins,c229d84512.jpg,2
yen_coins,c23f52031b.jpg,2
yen_coins,c49591d0c4.jpg,2
yen_coins,c5dfbefe4c.jpg,3
yen_coins,c5f5b8cc36.jpg,6
yen_coins,c6e61445d9.jpg,3
yen_coins,ccca72e391.jpg,1
yen_coins,cd2e240bb3.jpg,5
yen_coins,ce8e1360a1.jpg,1
yen_coins,cff7ba9cf9.jpg,14
yen_coins,d021cacfc8.jpg,6
yen_coins,d0a8b11791.jpg,2
yen_coins,d27830b93a.jpg,4
yen_coins,d697497d81.jpg,2
yen_coins,d7703d09c3.jpg,2
yen_coins,d7a1fe4bdd.jpg,2
yen_coins,d7e0a8e629.jpg,1
yen_coins,d8fdf027a8.jpg,1
yen_coins,dcfe9717ee.jpg,2
yen_coins,ddc7b6c915.jpg,3
yen_coins,de96300ee6.jpg,2
yen_coins,de9fd0d9b2.jpg,1
yen_coins,e16bf3970f.jpg,6
yen_coins,e23bc81a64.jpg,6
yen_coins,e2cd21fc2c.jpg,2
yen_coins,e3e47162ce.jpg,2
yen_coins,e42baf7bc4.jpg,2
yen_coins,e5a16909cd.jpg,4
yen_coins,e68ac14389.jpg,1
yen_coins,e71b2ee0b7.jpg,1
yen_coins,e7279b8af6.jpg,2
yen_coins,e79e1e364c.jpg,2
yen_coins,eadb9b6371.jpg,15
yen_coins,ec10ef3991.jpg,2
yen_coins,ec9c803ca4.jpg,2
yen_coins,edad3bceac.jpg,2
yen_coins,eee24b2250.jpg,2
yen_coins,f09879c4bb.jpg,1
yen_coins,f14acc0c42.jpg,1
yen_coins,f153d05712.jpg,2
yen_coins,f8934b8498.jpg,6
yen_coins,fb5981d5de.jpg,2
yen_coins,fb6f6573b6.jpg,2
yen_coins,fe3d6dfd45.jpg,1
yen_coins,ffa5e02e21.jpg,2
