repositories,stars_count,forks_count,issues_count,pull_requests,contributors,language
octocat/Hello-World,0,0,612,316,2,NULL
EddieHubCommunity/support,271,150,536,6,71,NULL
ethereum/aleth,0,0,313,27,154,C++
localstack/localstack,0,0,290,30,434,Python
education/classroom,0,589,202,22,67,Ruby
shobhit97/open-gpstracker,0,0,172,0,3,Java
donnemartin/system-design-primer,0,0,164,164,115,Python
jgthms/bulma,0,0,151,159,380,CSS
jgthms/bulma,0,0,151,159,380,CSS
sukritishah15/DS-Algo-Point,956,289,142,16,186,Java
taniarascia/comments,4,0,117,0,0,NULL
trailofbits/algo,0,0,115,10,163,Jinja
octocat/octocat.github.io,233,198,106,18,0,CSS
felangel/bloc,0,0,85,6,169,Dart
iamrajiv/new-keptn-docs-engine,0,1,81,3,0,JavaScript
SauravMukherjee44/Aec-Library-Website,5,2,81,29,184,HTML
mattgallagher/AudioStreamer,0,566,75,6,7,Objective-C
WhiteHouse/petitions,0,353,65,16,25,JavaScript
EddieHubCommunity/LinkFree,0,956,63,22,658,JavaScript
rrousselGit/freezed,0,169,61,6,73,Dart
google/accompanist,0,389,59,6,75,Kotlin
brettkromkamp/contextualise,960,43,57,0,6,Python
devraj/google-diff-match-patch,0,0,57,0,0,Python
ritwickdey/live-server-web-extension,598,237,56,8,3,JavaScript
ritwickdey/live-server-web-extension,598,237,56,8,3,JavaScript
WhiteHouse/cyber-acquisitions,8,37,54,5,5,CSS
xoreaxeaxeax/sandsifter,0,398,53,9,0,Python
EddieHubCommunity/awesome-github-profiles,925,612,51,9,434,HTML
adrianhajdin/project_cryptoverse,0,298,49,16,2,JavaScript
openfoodfacts/api-documentation,11,7,48,7,10,HTML
florinpop17/app-ideas,0,0,46,235,68,NULL
adrianhajdin/project_e_commerce,0,450,45,5,0,JavaScript
samczsun/Skype4J,144,53,43,2,10,Java
donnemartin/gitsome,0,460,43,14,28,Python
education/classroom-assistant,101,39,43,2,17,JavaScript
aviaryan/Clipjump,332,58,42,2,3,AutoHotkey
antonmedv/expr,0,216,41,12,33,Go
education/teachers,176,28,39,0,2,NULL
octocat/hello-worId,176,114,35,9,0,NULL
arogozhnikov/einops,0,249,34,5,18,Python
SauravMukherjee44/CodeIN-Community-Website,70,142,34,8,65,HTML
donnemartin/haxor-news,0,177,34,5,9,Python
anuraghazra/anuraghazra,228,0,33,4,3,NULL
sagesharp/foss-heartbeat,297,40,33,3,11,Python
donnemartin/interactive-coding-challenges,0,0,32,36,42,Python
khannakshat7/Elektra,38,85,32,18,20,HTML
ethereum/act,126,22,31,0,9,Haskell
gylidian/gylidian.github.io,0,0,31,0,0,HTML
donnemartin/saws,0,278,30,6,8,Python
localstack/docs,21,32,28,6,44,SCSS
adrianhajdin/project_graphql_blog,977,233,28,5,0,JavaScript
garimasingh128/awesome-python-projects,440,127,27,14,30,Jupyter Notebook
WhiteHouse/api-standards,0,910,27,7,12,NULL
openfoodfacts/hunger-games,2,6,27,2,9,JavaScript
adrianhajdin/ecommerce_sanity_stripe,907,220,27,18,0,JavaScript
education/teachers_pet,184,74,26,9,9,Ruby
offensive-security/kali-nethunter,0,897,26,3,33,NULL
octocat/git-consortium,135,67,25,10,0,NULL
btholt/complete-intro-to-react,0,961,25,11,15,JavaScript
lynxerzhang/JSSkills,0,0,25,0,0,JavaScript
feross/buffer,0,214,24,14,62,JavaScript
ethereum/beacon-APIs,190,106,24,11,25,HTML
loveBabbar/CodeHelp-DSA-Busted-Series,0,913,24,125,19,C++
arkokoley/pdfvuer,722,114,24,0,17,Vue
rrousselGit/flutter_hooks,0,142,23,2,45,Dart
donnemartin/dev-setup,0,0,23,10,16,Python
adrianhajdin/project_chat_application,0,973,23,24,0,JavaScript
thrau/jarchivelib,183,33,23,4,7,Java
arogozhnikov/hep_ml,151,58,22,0,8,Jupyter Notebook
wellington1993/avaliacao_desenvolvedor,1,70,22,15,0,Ruby
wellington1993/avaliacao_desenvolvedor,1,70,22,15,0,Ruby
Tyriar/dotfiles,31,5,21,0,0,Shell
ralexstokes/ethereum-consensus,41,11,21,0,7,Rust
majkinetor/au,214,79,21,0,24,PowerShell
trailofbits/cb-multios,465,100,21,3,16,C
google/adb-sync,0,156,21,7,7,Python
tapaswenipathak/CFP,0,1,21,0,2,Python
offensive-security/exploitdb,0,0,21,18,17,C
google/access-bridge-explorer,97,46,21,0,0,C#
btholt/complete-intro-to-react-v5,0,0,21,32,5,JavaScript
PawanKolhe/color-calendar,130,58,20,7,0,TypeScript
Chirag321ratvekar/MLOPs-Automation-,0,1,20,0,0,Jupyter Notebook
majkinetor/au-packages,53,40,19,0,22,HTML
jgthms/css-reference,0,326,19,18,3,HTML
adrianhajdin/chat_application,829,413,19,1,0,JavaScript
justinshenk/fer,210,62,19,0,5,Jupyter Notebook
jgthms/css-reference,0,326,19,18,3,HTML
justinshenk/fer,210,62,19,0,5,Jupyter Notebook
ethereum/cbc-casper,227,42,19,3,9,Python
kdeldycke/meta-package-manager,272,27,18,7,15,Python
rupa/epub,360,62,18,5,2,Python
LiveOverflow/PwnAdventure3,548,124,18,3,2,C++
ethereum/casper,681,181,18,5,19,Python
garimasingh128/Alexa-skills-starters,24,15,18,0,5,Python
google/addlicense,530,143,18,16,36,Go
davglass/doorbot,315,59,18,7,6,JavaScript
benawad/astral-bugs,42,1,18,0,0,NULL
vicky002/AlgoWiki,0,0,17,13,194,CSS
bradtraversy/alexis_speech_assistant,261,177,17,10,6,Python
EddieHubCommunity/good-first-issue-finder,133,92,17,2,31,Svelte
EddieHubCommunity/EddieBot,119,129,16,6,82,TypeScript
openfoodfacts/offf,0,0,16,0,0,NULL
offensive-security/nethunter-app,281,159,16,2,22,NULL
anuraghazra/BugVilla,206,70,16,19,2,TypeScript
Shreeshrii/tessdata_shreetest,133,28,16,0,0,Shell
openfoodfacts/off-category-classification,4,3,16,21,6,Jupyter Notebook
salil-naik/css-art-gallery,126,206,16,5,29,JavaScript
xoreaxeaxeax/movfuscator,0,449,16,4,0,C
smaranjitghose/awesome-portfolio-websites,0,0,16,4,151,HTML
google/acme,382,55,16,7,10,Go
florinpop17/100Days100Projects,430,69,16,1,0,NULL
education/autograding,27,30,15,22,0,TypeScript
ethereum/btcrelay,564,174,15,7,6,Python
zemse/create-solidity-project,8,9,15,19,3,JavaScript
WhiteHouse/fortyfour,339,58,15,6,5,CSS
EddieHubCommunity/EddieHubLive,15,12,15,0,7,JavaScript
stemount/cloutbot,5,2,14,2,0,NULL
curiousily/Getting-Things-Done-with-Pytorch,0,513,14,3,0,Jupyter Notebook
jgthms/bulma-website,40,35,14,6,12,CSS
jgthms/bulma-website,40,35,14,6,12,CSS
benawad/codeponder,260,47,14,1,9,TypeScript
prtamil/c-libutl,0,0,14,0,0,C
taniarascia/new-moon,0,87,14,2,9,Less
adrianhajdin/project_medical_pager_chat,968,336,14,5,0,JavaScript
trailofbits/blight,63,5,14,0,7,Python
antonmedv/codejar,0,87,14,1,20,TypeScript
education/GitHubGraduation-2021,0,0,14,0,0,JavaScript
defuse/defuse.ca,53,17,14,0,3,HTML
offensive-security/nethunter-devices,217,207,13,3,30,NULL
anshrathod/Basic-Python-Scripts,18,93,13,1,112,Python
offensive-security/kali-arm-build-scripts,805,397,13,1,13,NULL
google/active-qa,339,69,13,0,0,Python
benfoxall/benfoxall.github.com,5,6,13,1,2,JavaScript
yourcelf/btb,13,8,13,4,3,Python
antonmedv/fx,0,428,13,2,23,Go
ethereum/async-service,6,9,13,1,6,Python
openfoodfacts/fastlane-descriptions-smoothie,0,0,13,12,4,Ruby
ethereum/clef-ui,24,15,13,0,4,QML
Tyriar/atom-navigation-history,2,3,13,1,0,CoffeeScript
davglass/cpr,76,29,13,5,15,JavaScript
ethereum/builder-specs,67,13,13,3,9,HTML
devongovett/atom-jade,51,26,13,3,15,HTML
EddieHubCommunity/EddieHubCommunity.github.io,101,86,12,1,47,HTML
HarshCasper/AllNotes,36,30,12,7,14,JavaScript
EddieHubCommunity/EventCalendar,34,39,12,4,21,JavaScript
vasu-1/pygithub-bot,8,1,12,0,2,Python
AnandBaburajan/Kukkee,231,46,12,0,16,TypeScript
WhiteHouse/ndoch-hackathon,16,14,12,1,0,NULL
vasu-1/pygithub-bot,8,1,12,0,2,Python
adrianhajdin/project_corona_tracker,0,373,12,18,0,JavaScript
openfoodfacts/hungergames-old,4,2,12,0,2,Python
casatwy/CTVideoPlayerView,641,81,11,0,5,Objective-C
btholt/citr-v6-project,487,499,11,6,0,JavaScript
btholt/complete-intro-to-react-v6,0,223,11,21,13,JavaScript
ljharb/can-merge,14,3,11,3,12,JavaScript
EddieHubCommunity/infrastructure,17,2,11,1,2,TypeScript
benawad/astralfans-landing,98,3,11,0,0,HTML
devraj/PassCodeInput,21,2,11,0,3,Swift
iamshaunjp/Complete-React-Tutorial,995,0,11,7,0,NULL
casatwy/CTNetworking,479,104,11,1,0,Objective-C
donnemartin/data-science-ipython-notebooks,0,0,11,13,12,Python
OmkarKandale/pet-clinic,0,0,11,0,0,Java
iamshaunjp/Complete-React-Tutorial,995,0,11,7,0,NULL
localstack/cockpit,12,0,10,0,2,NULL
stemount/automated-cloud-radio-station,8,1,10,0,0,NULL
localstack/localstack-java-utils,64,41,10,3,24,Java
jishanshaikh4/adblocker-ultimate,16,16,10,3,0,JavaScript
jakearchibald/byte-storage,40,2,10,0,2,NULL
mrdbourke/machine-learning-roadmap,0,0,10,1,0,NULL
education/guide,32,18,10,0,12,Ruby
defuse/DAWr,19,0,10,0,0,Rust
openfoodfacts/folksonomy_api,7,5,10,8,5,Python
trailofbits/ctf,0,248,10,3,18,C
openfoodfacts/community-portal,3,2,10,12,6,Python
aviaryan/awesome-no-login-web-apps,0,198,9,29,65,Shell
openfoodfacts/off-nutrition-table-extractor,172,66,9,10,8,Jupyter Notebook
openfoodfacts/folksonomy_frontend,1,0,9,0,3,JavaScript
EddieHubCommunity/DailyTips,16,6,9,0,9,TypeScript
byt3bl33d3r/DeathStar,0,326,9,3,7,Python
education/GitHubGraduation-2022,0,0,9,484,0,NULL
byt3bl33d3r/chrome-decrypter,251,91,9,2,2,Python
google/accname,14,3,9,0,6,TypeScript
carloscuesta/gitmoji,0,691,9,0,88,JavaScript
JayjeetAtGithub/Audition-Management-System,3,8,9,0,2,Python
adrianhajdin/projects_realestate,749,262,9,0,2,JavaScript
shreyashankar/gpt3-sandbox,0,757,9,2,12,JavaScript
jgthms/bulma-start,269,72,9,9,2,CSS
defuse/flush-reload-attacks,155,80,9,1,2,Ruby
Tyriar/abbr-fill.js,2,0,9,0,0,JavaScript
iamshaunjp/firegram,286,237,9,2,0,NULL
yessine-agrebi/Dev-Blog,2,0,9,1,3,JavaScript
RioChndr/jaksel-language,507,55,9,0,12,JavaScript
rogeriopvl/downstagram,32,7,9,4,2,JavaScript
ethereum/clrfund,22,76,9,7,0,TypeScript
antonmedv/countdown,847,79,9,2,8,Go
antonmedv/finder,775,74,9,3,9,HTML
carloscuesta/gitmoji,0,691,9,0,88,JavaScript
jgthms/bulma-start,269,72,9,9,2,CSS
LiveOverflow/minecraft-hacked,160,16,9,2,2,Python
kdeldycke/chessboard,7,4,9,0,0,Python
xoreaxeaxeax/rosenbridge,0,216,9,4,0,C
iamshaunjp/firegram,286,237,9,2,0,NULL
cheeaun/ama,11,634,9,0,0,NULL
jishanshaikh4/assignments,21,1,8,0,2,C++
torvalds/uemacs,898,188,8,11,7,C
anuraghazra/anuraghazra.github.io,405,166,8,12,7,JavaScript
avikalpg/IndianVotingAssistant,6,1,8,0,0,Jupyter Notebook
google/acai,73,34,8,1,3,Java
marcoscaceres/bib_entry_maker,0,0,8,0,0,JavaScript
google/abstracttext,70,11,8,9,2,JavaScript
feross/bitmidi.com,488,63,8,18,7,JavaScript
ducc/BorkedJavaMusicBot,0,0,8,0,0,Java
google/account-provisioning-for-google-apps,50,26,8,5,3,Java
smaranjitghose/auto_vaidya,18,19,8,0,9,Python
kaushik-rishi/rocketcp,31,27,8,1,13,JavaScript
education/graduation,756,0,8,22,0,JavaScript
AYIDouble/Binary-Calculator-JavaScript,48,9,8,0,6,JavaScript
nerdynikhil/bloggy,2,4,8,0,3,Dart
Clueless-Community/clueless-official-website,5,4,8,0,7,TypeScript
idvoretskyi/buildbot,0,0,8,0,5,HTML
QAInsights/apache-jmeter,1,0,8,0,0,NULL
ralexstokes/beacon-api-client,17,10,8,3,7,Rust
xbelanch/llegir-en-xarxa,0,0,8,0,0,JavaScript
brettkromkamp/topic-db,216,13,7,0,2,Python
google/Accessibility-Test-Framework-for-Android,355,118,7,3,7,Java
artkirienko/dotfiles,1,0,7,0,0,Ruby
benawad/apollo-mocked-provider,89,24,7,20,9,TypeScript
vikhyatsingh123/SlugTerra,15,88,7,15,64,JavaScript
openfoodfacts/DriveOFF,1,6,7,1,0,JavaScript
agamjotsingh18/codesetgo-website,8,25,7,0,14,CSS
thepranaygupta/Data-Structures-and-Algorithms,616,256,7,17,111,Java
EddieHubCommunity/api,52,54,7,2,20,TypeScript
avikalpg/free-time,2,5,7,0,2,JavaScript
adrianhajdin/portfolio_website,0,421,7,10,2,JavaScript
artkirienko/dotfiles,1,0,7,0,0,Ruby
openfoodfacts/folksonomy_engine,2,1,7,0,2,NULL
cheeaun/busrouter-sg,281,97,7,8,2,JavaScript
ricksaha2000/JAVA,2,7,7,2,7,Java
taranjeet/django-starter-skeleton,2,0,7,0,0,Python
defuse/crackstation,103,35,7,0,5,Hack
offensive-security/nethunter-LRT,289,94,7,2,7,NULL
simonw/airtable-export,69,8,7,2,3,Python
adrianhajdin/project_fitness_app,455,138,7,2,0,JavaScript
agamjotsingh18/codesetgo-website,8,25,7,0,14,CSS
btholt/complete-intro-to-containers,765,166,6,21,11,JavaScript
mitsuhiko/classy,268,43,6,7,4,Python
taranjeet/code-snippets,4,1,6,0,0,NULL
kdeldycke/click-extra,9,2,6,4,5,Python
WhiteHouse/datacenters,21,39,6,11,11,JavaScript
offensive-security/kali-cloud-build,90,135,6,1,0,NULL
kdeldycke/kdeldycke,2,3,6,0,2,NULL
kdeldycke/mail-deduplicate,127,34,6,10,18,Python
WhiteHouse/logger,5,7,6,0,3,PHP
dwij2812/FlightBooking-system,6,2,6,21,2,CSS
andrewjmead/node-course-v3-code,569,391,6,1,0,JavaScript
byt3bl33d3r/duckhunter,96,39,6,0,2,Python
jishanshaikh4/cryptography-roadmap,24,5,6,0,0,NULL
mager/floor.report.old,0,0,6,0,0,TypeScript
curiousily/Deep-Learning-For-Hackers,824,391,6,0,0,Jupyter Notebook
varunKT001/testing-github-templates,1,0,6,0,0,NULL
defuse/crackstation-hashdb,296,106,6,1,2,PHP
EddieHubCommunity/gh-actions-html-table-generator,23,13,6,0,6,JavaScript
EddieHubCommunity/template,6,10,6,1,10,NULL
Ishita-0112/Pysa-Hack,0,0,6,1,2,Python
trailofbits/AppJailLauncher,133,19,6,0,5,C++
aloisdeniel/built_vector,33,6,6,1,0,Dart
aloisdeniel/built_vector,33,6,6,1,0,Dart
donnemartin/viz,759,123,6,0,0,Python
localstack/awscli-local,702,58,6,0,14,Python
nikhilkumarsingh/facebook-messenger-bot,16,16,6,0,0,Python
iamshaunjp/django-playlist,162,186,6,5,0,NULL
btholt/complete-intro-to-react-v7,528,125,6,13,13,JavaScript
iamshaunjp/django-playlist,162,186,6,5,0,NULL
localstack/helm-charts,28,44,6,1,20,Smarty
Abhishek-kumar09/AutoBot,2,0,6,0,4,JavaScript
aloisdeniel/dio_retry,46,34,5,1,2,Dart
LiveOverflow/liveoverflow_youtube,455,202,5,4,0,C
taranjeet/blog,0,1,5,1,0,HTML
garimasingh128/Draw,1,4,5,0,4,HTML
ethereum/asyncio-run-in-process,11,7,5,1,6,Python
emersonsoares/asdf-dotnet-core,65,17,5,3,7,Shell
WhiteHouse/drushsubtree,11,10,5,1,4,NULL
zemse/bitcoin3js,3,0,5,5,2,JavaScript
Chirag321ratvekar/docker-project,0,0,5,0,0,NULL
byt3bl33d3r/ItWasAllADream,692,109,5,2,0,Python
offensive-security/masscan-web-ui,437,176,5,0,4,PHP
garimasingh128/CP-DSA-Cpp-C,25,89,5,0,72,C++
fromgopi/cookbook-api,2,1,5,0,2,Python
iamshaunjp/firebase-auth,329,355,5,9,0,NULL
devongovett/browserify-optional,9,1,5,0,0,JavaScript
marcel-dempers/docker-development-youtube-series,0,0,5,7,21,Go
defuse/elfplayer,10,3,5,0,0,JavaScript
vasu-1/CalcHub,49,128,5,7,49,JavaScript
gabrielfalcao/dead-parrot,16,4,5,0,2,Python
aloisdeniel/dio_retry,46,34,5,1,2,Dart
devongovett/atom-stylus,6,5,5,2,2,CoffeeScript
kameshsampath/ansible-collection-kubernetes-spices,0,0,5,0,1,Jinja
trailofbits/censys-ruby,9,3,5,0,3,Ruby
thrau/pymq,21,3,5,0,0,Python
aloisdeniel/built_bloc,51,5,5,1,0,Dart
iamshaunjp/firebase-auth,329,355,5,9,0,NULL
devongovett/browserify-istanbul,50,31,5,2,11,JavaScript
EddieHubCommunity/EddieBotUI,11,19,5,0,9,JavaScript
rajat2502/GitHub-Battle,13,8,5,1,3,JavaScript
bradtraversy/angularfs,54,44,5,0,0,TypeScript
benawad/apollo-server-react-file-upload,79,34,5,23,2,JavaScript
whummer/jaxb-facets,27,17,5,2,3,Java
Ishita-0112/CODES,4,6,5,0,8,Java
openfoodfacts/facets-knowledge-panels,1,2,5,4,5,Python
aviaryan/BrainGames,45,11,5,1,0,Python
aloisdeniel/built_bloc,51,5,5,1,0,Dart
vasu-1/CalcHub,49,128,5,7,49,JavaScript
kameshsampath/ansible-collection-kubernetes-spices,0,0,5,0,1,Jinja
ak7550/garments-store,0,4,5,0,0,JavaScript
donnemartin/awesome-aws,0,0,5,60,70,Python
manjurulhoque/android-near-by-places,24,14,5,0,0,Java
EddieHubCommunity/hacktoberfest-practice,292,0,4,36,0,NULL
localstack/aws-cdk-local,176,10,4,1,7,JavaScript
lmgonzalves/brushstroke,81,14,4,1,2,JavaScript
iamshaunjp/css-grid-layouts,51,23,4,0,0,NULL
rrousselGit/functional_widget,508,42,4,1,13,Dart
Vectorized/solady,315,21,4,0,10,Solidity
mitsuhiko/clicolors-control,19,9,4,2,5,Rust
education/hackconviii,15,9,4,0,0,NULL
iamshaunjp/css-grid-layouts,51,23,4,0,0,NULL
mitsuhiko/better-panic,332,6,4,0,2,Rust
nikhilkumarsingh/flask-chat-app,41,23,4,0,0,Python
florinpop17/10-projects-10-hours,0,589,4,10,0,JavaScript
Anuj-Kumar-Sharma/NewsApp,40,44,4,6,0,Kotlin
dhananjaym2/android-imagedownloader,0,0,4,0,0,Java
RonLek/ALPR-and-Identification-for-Indian-Vehicles,25,8,4,0,4,Jupyter Notebook
defuse/backup-verify,9,8,4,0,0,Ruby
keshav-space/safe_notes,2,2,4,0,0,Dart
bradtraversy/bookstore,231,211,4,2,2,HTML
carloscuesta/gitmoji-cli,0,190,4,0,43,JavaScript
YashKumarVerma/all-covid-info-frontend,9,1,4,1,0,JavaScript
carloscuesta/gitmoji-cli,0,190,4,0,43,JavaScript
defuse/airgap,26,2,4,0,0,NULL
btholt/algorithms-exercises,135,374,4,11,3,JavaScript
lmorchard/about-me,3,0,4,0,0,JavaScript
LiveOverflow/pwn_docker_example,178,42,4,3,3,Dockerfile
AYIDouble/Cat-Face-Detector-with-OpenCV-and-JavaFX,24,7,4,0,2,Java
curiousily/Deploy-BERT-for-Sentiment-Analysis-with-FastAPI,128,41,4,1,0,Python
RonLek/FastV2C-HandNet,8,2,4,0,0,Python
curiousily/Credit-Card-Fraud-Detection-using-Autoencoders-in-Keras,408,254,4,1,0,Jupyter Notebook
casatwy/CTMediator,0,749,4,1,3,Objective-C
Rajdip019/booklee,7,1,4,0,4,JavaScript
ducc/DiscrimFarmer,13,3,4,0,0,Go
asweigart/bext,13,2,4,0,2,Python
ralexstokes/deposit-verifier,15,7,4,0,3,Python
AnkushMalaker/speech-emotion-recognition,5,0,4,0,2,PureBasic
mikenikles/ghost-v3-google-cloud-storage,13,7,4,3,2,JavaScript
yourcelf/afgexplorer,48,6,4,0,2,Python
trailofbits/circuitous-benchmarks,0,0,4,0,0,C++
Clueless-Community/Datasets,4,3,4,0,5,JavaScript
ethereum/beacon_chain,196,61,4,1,13,Python
openfoodfacts/eu-food-data,8,6,4,0,4,HTML
jonfroehlich/jonfroehlich.github.io,3,0,4,0,0,HTML
WhiteHouse/CIOmanagement,14,28,4,6,15,SCSS
0xCaso/defillama-telegram-bot,0,1,4,0,2,JavaScript
ethereum/blake2b-py,5,14,4,3,4,Rust
openfoodfacts/folksonomy_mobile_experiment,0,0,4,3,3,JavaScript
WhiteHouse/buildmanager,13,15,4,2,4,PHP
torvalds/test-tlb,501,177,4,4,2,C
jonfroehlich/HCID521Wi2020,0,0,4,0,0,JavaScript
amacgregor/dot-files,438,318,4,0,0,Vim Script
adrianhajdin/project_google_clone,324,78,4,1,2,JavaScript
jamesbachini/Encryption-VScode,3,2,4,0,2,JavaScript
antonmedv/jsize,179,12,4,0,4,JavaScript
WhiteHouse/omb_place,49,22,4,1,4,CSS
nikhilkumarsingh/awesome-wikidata-scripts,6,3,4,0,2,Jupyter Notebook
adrianhajdin/project_hoobank,469,135,4,1,0,JavaScript
Raz0r/aemscan,158,52,4,0,5,Python
xbelanch/OBS4Pi,30,5,4,0,0,Shell
casatwy/HandyAutoLayout,0,253,4,1,4,Objective-C
sagesharp/python-code-of-conduct,2,103,4,0,0,NULL
aloisdeniel/bluff,84,8,3,0,0,Dart
97shivank/Hotel-Site-with-Django,5,7,3,0,5,Python
kameshsampath/ansible-role-kind,1,2,3,14,2,Jinja
mrdbourke/m1-machine-learning-test,303,84,3,0,2,Jupyter Notebook
saurabhdaware/blog.saurabhdaware.in,4,0,3,3,0,TypeScript
amacgregor/amgr_phx,0,1,3,0,3,CSS
mrdbourke/cs329s-ml-deployment-tutorial,513,140,3,0,0,Jupyter Notebook
stong/CVE-2021-3156,431,119,3,0,0,C
ritwickdey/organic-shop,56,36,3,0,2,TypeScript
itaditya/background-check,27,12,3,0,2,JavaScript
ck37/featurerank,1,0,3,0,3,R
torvalds/pesconvert,241,56,3,2,4,C
iamshaunjp/firebase-firestore-playlist,274,303,3,4,0,NULL
PawanKolhe/calc-2000,1,1,3,0,0,JavaScript
tapaswenipathak/Blacklist-By-Words,20,10,3,1,3,JavaScript
localstack/aws-sam-cli-local,17,4,3,1,2,Python
jakearchibald/big-web-quiz,109,32,3,3,2,JavaScript
aloisdeniel/bluff,84,8,3,0,0,Dart
gasteigerjo/dimenet,199,38,3,0,0,Python
gasteigerjo/turbulent,0,0,3,0,3,C++
feross/clipboard-copy,561,40,3,3,5,JavaScript
stong/CVE-2021-3156,431,119,3,0,0,C
clindsey/cookbook,3,0,3,0,0,Ruby
ritwickdey/organic-shop,56,36,3,0,2,TypeScript
ForrestPi/anomalyLocalization,13,1,3,0,0,Python
ethereum/beacon-metrics,19,14,3,0,6,NULL
emersonsoares/cep-api,98,44,3,0,4,C#
mscoutermarsh/dotfiles,766,184,3,1,23,Vim Script
AshAman999/Edify,4,0,3,2,2,Dart
ethereum/alexandria,6,8,3,0,5,Python
lengstrom/codezoo,1,0,3,0,0,JavaScript
sreehari2003/cvshare.io,5,1,3,0,2,TypeScript
bradtraversy/bookmarker,157,118,3,1,3,JavaScript
crnacura/AmbientCanvasBackgrounds,514,112,3,0,0,JavaScript
bradtraversy/apex-legends-tracker,127,21,3,7,2,Vue
MariaEduardaDeAzevedo/centavos-search,7,4,3,0,5,JavaScript
MariaEduardaDeAzevedo/detector-de-mascaras,167,23,3,0,3,Python
MariaEduardaDeAzevedo/jogo-da-velha,7,3,3,0,2,Python
IonicaBizau/anser,50,17,3,0,22,JavaScript
defuse/dfcrypt,0,0,3,0,0,C
defuse/gadgetrie,4,0,3,0,0,C
bradtraversy/angular60,129,102,3,0,2,JavaScript
Tyriar/abbr-touch,51,4,3,0,2,HTML
tinchoabbate/slither-scripts,18,15,3,2,0,Python
smaranjitghose/AppleFoliarAI,7,9,3,0,3,Dockerfile
kameshsampath/ansible-role-kind,1,2,3,14,2,Jinja
rogeriopvl/Downpy,9,1,3,0,2,Python
casatwy/ConfigPrivatePod,69,70,3,0,0,Shell
PragneshRamani/Coursera---Using-Python-to-Access-Web-Data,37,79,3,6,0,Python
trailofbits/constexpr-everything,231,11,3,0,6,C++
kdeldycke/cqlengine-relation-columns,1,1,3,0,0,Python
nikhilkumarsingh/desktop_reminder,7,4,3,0,0,Python
taniarascia/laconia,350,63,3,2,2,PHP
aviaryan/CFBuddy,2,1,3,0,0,Java
xoreaxeaxeax/..cantor.dust..,33,0,3,0,0,NULL
YosephKS/moralis-opensea-plugins,26,14,3,0,0,JavaScript
aviaryan/alfred-google-search,32,1,3,0,0,Python
aviaryan/Ahk-Best-Practices,30,5,3,0,2,NULL
google/actions-on-google-trivia-template-sdk,14,8,3,0,2,JavaScript
Anuj-Kumar-Sharma/DS-Algo,457,382,3,31,8,Java
trailofbits/bisc,71,15,3,0,5,Ruby
taniarascia/new-moon-vscode,85,10,3,1,3,NULL
localstack/localstack-python-client,144,30,3,0,16,Python
trailofbits/algo-ng,65,16,3,1,3,HCL
ljharb/aud,24,1,3,0,0,JavaScript
felangel/bloc.js,171,19,3,3,5,TypeScript
google/.github,70,153,3,3,4,NULL
mattgallagher/CwlSignal,305,33,3,1,9,Swift
iamshaunjp/firebase-firestore-playlist,274,303,3,4,0,NULL
anuraghazra/circleci-test,0,0,3,1,2,JavaScript
ihcsim/cockroachdb-formula,2,2,3,0,0,Ruby
WhiteHouse/choropleth,4,9,3,1,5,JavaScript
shazow/briefmetrics,20,1,3,3,3,Python
byt3bl33d3r/arpspoof,175,66,3,0,4,Python
nerdynikhil/bookclub,0,0,3,0,0,Dart
vicky002/1000_Projects,0,298,3,1,4,NULL
Shreeshrii/tess5train-fonts,72,19,3,0,0,HTML
Shreeshrii/hindi-hunspell,29,16,3,3,2,Shell
education/github-starter-course,41,25,3,0,5,NULL
nerdynikhil/codestreak,4,3,3,0,3,JavaScript
EddieHubCommunity/gh-action-community,24,16,3,0,13,JavaScript
nikhilkumarsingh/cmail,3,1,3,0,2,Python
EddieHubCommunity/EddieBotBreakout,14,2,3,0,6,TypeScript
RivaanRanawat/flutter-whatsapp-clone,75,45,3,0,0,Dart
nikhilkumarsingh/content-downloader,104,68,3,0,6,Python
kdeldycke/kevin-deldycke-blog,34,15,3,11,5,Python
offensive-security/kali-linux-preseed,42,26,3,0,0,NULL
lengstrom/codezoo,1,0,3,0,0,JavaScript
offensive-security/cryptsetup-nuke-keys,188,63,3,7,0,NULL
Anuj-Kumar-Sharma/Shuffler,275,291,3,6,0,Java
offensive-security/exploitdb-bin-sploits,0,545,3,0,0,Python
btholt/complete-intro-to-computer-science,214,151,3,19,8,JavaScript
kdeldycke/kdenlive-tools,6,1,3,0,0,Python
PragneshRamani/Coursera---Using-Python-to-Access-Web-Data,37,79,3,6,0,Python
vikhyatsingh123/Naruto-Shippuden,85,466,3,6,259,HTML
Priyansh19077/OnlyPolling,0,0,3,0,0,Java
zemse/awesome-decentralized-finance,8,268,2,0,0,NULL
carloscuesta/carloscuesta.me,39,7,2,0,7,JavaScript
AYIDouble/IoT-Arduino-Game-Controller-Java,16,2,2,0,2,Java
sambitraze/cpp,0,3,2,0,3,C++
Shreeshrii/tessdata_ssd,24,4,2,0,0,Shell
wsvincent/awesome-django,0,940,2,5,65,HTML
ritwickdey/ritwickdey.github.io,83,21,2,25,0,TypeScript
zemse/contract-ownership-governance,1,3,2,0,0,TypeScript
artkirienko/n-th_longest,0,1,2,0,0,C++
Anishde85/sociocom,2,5,2,6,6,HTML
CharlesCreativeContent/CodeWars,60,11,2,0,0,JavaScript
clindsey/AlphabetSoup,0,0,2,0,0,JavaScript
arogozhnikov/infiniteboost,184,22,2,0,3,Jupyter Notebook
norbusan/cinnadock-p2,439,1,2,0,0,JavaScript
vivekweb2013/audio-recorder,22,4,2,0,4,Java
kdeldycke/mdx_titlecase,1,3,2,0,2,Python
savannahar68/ClipboardHistory,4,2,2,9,2,JavaScript
brettkromkamp/topic-db-api,1,0,2,0,0,Python
savannahar68/CamScanner-Python,2,5,2,0,0,Python
jgthms/bulma-versions,7,4,2,12,0,HTML
tapaswenipathak/Bot-list,0,0,2,0,2,NULL
EddieHubCommunity/Branding,17,22,2,2,21,HTML
feross/arch,69,7,2,1,4,JavaScript
feross/awesome-mad-science,0,68,2,9,17,NULL
Anurag5086/Portfolio-website-themes,1,8,2,0,8,HTML
Anurag5086/MentHealth,4,4,2,0,2,NULL
AYIDouble/Keyboard,8,1,2,0,0,Java
vivekweb2013/toastmaker,43,11,2,8,2,JavaScript
antonmedv/fx-completion,169,7,2,0,0,JavaScript
antonmedv/gofx,234,10,2,0,2,Go
norbusan/jfontmaps,434,1,2,0,3,Perl
eddiejaoude/ANT-Project-Deployment-Tool,2,0,2,0,0,NULL
taniarascia/chat,154,27,2,0,4,TypeScript
taniarascia/accordion,116,11,2,0,0,JavaScript
DeepGautamFullStack/DeepCart,14,15,2,0,0,TypeScript
saurabhdaware/jest-fs-mock,2,0,2,0,0,JavaScript
kameshsampath/ansible-role-openshift-spices,2,1,2,0,2,HTML
Errichto/youtube,0,486,2,1,3,C++
donnemartin/donnemartin.github.io,51,20,2,2,0,HTML
arogozhnikov/DeepMMD-GAN,13,8,2,0,0,Jupyter Notebook
localstack/localstack-extensions,9,1,2,0,3,Python
andrewjmead/short-lnk-meteor-course,5,11,2,0,0,JavaScript
btholt/citr-v7-project,306,240,2,3,0,JavaScript
kameshsampath/ansible-role-rosa-demos,0,0,2,0,2,Makefile
RivaanRanawat/flutter-dapp-tutorial,4,4,2,1,0,C++
taniarascia/react-hooks,339,207,2,0,3,JavaScript
carloscuesta/starterkit,88,13,2,0,3,JavaScript
kameshsampath/ansible-role-minikube,0,0,2,0,0,Makefile
ihcsim/go-ini,1,0,2,0,0,Go
arogozhnikov/python3_with_pleasure,0,204,2,1,14,NULL
bradtraversy/aioweb,13,10,2,0,0,PHP
beatak/es-promise-http,2,0,2,0,0,JavaScript
aviaryan/clipjump-addons,9,4,2,0,2,AutoHotkey
salil-naik/a11y.css,20,14,2,2,11,CSS
GmGniap/practice_python,1,1,2,1,2,Jupyter Notebook
AYIDouble/Deep-Learning-Machine-Learning-AI-TensorFlow-Python,19,8,2,0,2,Python
btholt/complete-intro-to-react-v4,0,264,2,11,4,JavaScript
bradtraversy/angular-crash-2021,379,571,2,2,3,TypeScript
nayyyhaa/C-codes,5,32,2,7,28,C++
DaiJunMaster/DJColorfulSlider,13,0,2,0,2,Objective-C
saurabhdaware/DEV-widget,94,12,2,0,7,JavaScript
ihcsim/customer-invoice-management,2,2,2,0,0,JavaScript
adrishyantee/GssocDemo,0,8,2,1,7,Java
ethereum/annotated-spec,231,45,2,3,11,NULL
taniarascia/new-moon-chrome-devtools,56,5,2,0,5,CSS
rupa/mkdn,8,0,2,0,0,Python
AYIDouble/BMI-Calculator-JavaScript,18,7,2,0,2,JavaScript
sirinath/blog,0,0,2,0,23,Shell
artkirienko/final-html-css,1,0,2,1,0,CSS
benawad/basic-react-form,83,149,2,1,2,JavaScript
rogeriopvl/8bit,82,12,2,1,2,JavaScript
taniarascia/primitive,879,82,2,0,8,SCSS
themaaz32/download_teach,18,18,2,0,0,Dart
rchtgpt/tablot,0,0,2,0,5,Python
Harshal0902/COVID-19-Tracker,2,0,2,0,0,JavaScript
casatwy/RTNetworking,0,317,2,0,7,Objective-C
simonw/asgi-cors,15,3,2,2,0,Python
iamshaunjp/data-ui-with-d3-firebase,162,151,2,0,0,NULL
LiveOverflow/pwnedit,187,24,2,0,0,C
kylelix7/job-ui,1,0,2,0,0,JavaScript
devongovett/blob-stream,100,20,2,1,2,JavaScript
iamshaunjp/flutter-animations,90,76,2,0,0,NULL
kameshsampath/ansible-role-rosa-demos,0,0,2,0,2,Makefile
Anuj-Kumar-Sharma/Java-DSA,131,71,2,1,0,Java
xprilion/fireshort,63,28,2,0,4,JavaScript
kameshsampath/ansible-role-openshift-spices,2,1,2,0,2,HTML
simonw/asgi-csrf,40,2,2,0,17,Python
mrdbourke/airbnb-amenity-detection,142,47,2,1,2,Jupyter Notebook
kameshsampath/ansible-role-minikube,0,0,2,0,0,Makefile
simonw/asyncinject,26,1,2,0,2,Python
justinshenk/gitcommit,0,0,2,0,0,JavaScript
dylanbeattie/Confocal,0,0,2,0,0,CSS
motasimmakki/Chat-Application-In-Java,1,0,2,0,0,Java
markwylde/angular-fresh,2,1,2,0,0,JavaScript
trailofbits/cast2gif,7,2,2,0,0,Python
Orbiter/MetaGer,749,0,2,0,2,NULL
florinpop17/frontend-mentor-challenges,262,91,2,1,0,CSS
iamshaunjp/Customizing-Bootstrap-5,21,7,2,0,0,NULL
iamshaunjp/CSS-Tips-and-Tricks,60,52,2,1,0,NULL
ducc/DubTrack4J,1,3,2,0,3,Java
iamshaunjp/angular-2-playlist,31,49,2,0,0,CSS
Anurag5086/MentHealth,4,4,2,0,2,NULL
Anurag5086/Portfolio-website-themes,1,8,2,0,8,HTML
rijusougata13/movie-recommender,1,1,2,0,2,HTML
norbusan/jfontmaps,434,1,2,0,3,Perl
norbusan/cinnadock-p2,439,1,2,0,0,JavaScript
Anuj-Kumar-Sharma/Social-App,48,38,2,1,0,Kotlin
ritwickdey/ritwickdey.github.io,83,21,2,25,0,TypeScript
trailofbits/cvedb,12,4,2,1,3,Python
LiveOverflow/ctf,13,4,2,0,0,NULL
iamshaunjp/bootstrap-5-tutorial,146,148,2,1,0,NULL
IonicaBizau/ajs,21,6,2,0,2,JavaScript
artkirienko/n-th_longest,0,1,2,0,0,C++
artkirienko/final-html-css,1,0,2,1,0,CSS
IonicaBizau/add-subtract-date,7,1,2,0,0,JavaScript
jishanshaikh4/CSE-219-Principles-of-Programming-Languages,17,0,2,0,0,C++
jishanshaikh4/CSE-229-PHP-Laboratory,16,0,2,0,0,Hack
asweigart/automatetheboringstuffwithpythondotcom,63,37,2,5,0,HTML
iamshaunjp/complete-sass-tutorial,121,110,2,1,0,NULL
LiveOverflow/NECAnalyzer,44,17,2,0,0,C++
karar189/Music-App,0,0,2,0,0,JavaScript
PawanKolhe/C-Algorithms,59,52,2,7,36,C
PawanKolhe/amizone-fetch-api,4,2,2,0,0,JavaScript
eugenioclrc/binance-crypto-triangular-arbitrage,226,93,2,1,0,JavaScript
rogeriopvl/gulp-ejs,86,34,2,16,16,JavaScript
shazow/clicker.go,4,0,2,0,0,Go
shazow/apiclient,87,19,2,2,6,Python
iamshaunjp/data-ui-with-d3-firebase,162,151,2,0,0,NULL
nikhilkumarsingh/globTut,3,2,2,0,0,Jupyter Notebook
harryadel/blastjs,9,1,2,0,2,JavaScript
AnmolTomer/ml_bootcamp_udemy,6,6,2,0,2,Jupyter Notebook
iamshaunjp/Customizing-Bootstrap-5,21,7,2,0,0,NULL
iamshaunjp/CSS-Tips-and-Tricks,60,52,2,1,0,NULL
lmgonzalves/pieces,220,22,2,0,0,JavaScript
iamshaunjp/complete-sass-tutorial,121,110,2,1,0,NULL
kerrishotts/cordova-plugin-ios-launch-screen,3,1,2,0,0,JavaScript
lmgonzalves/segment,0,101,2,0,0,CSS
EddieHubCommunity/Hackathons,23,25,2,0,26,Java
iamshaunjp/bootstrap-5-tutorial,146,148,2,1,0,NULL
ankushKun/animedoro-timer,32,8,2,0,5,HTML
dcbuild3r/blockchain-development-guide,0,118,2,0,13,NULL
iamshaunjp/angular-2-playlist,31,49,2,0,0,CSS
taranjeet/everything-else,0,0,2,0,0,NULL
jasineri/gitartwork,183,32,2,5,3,NULL
casatwy/CTPersistance,742,156,2,1,9,Objective-C
iamshaunjp/flutter-animations,90,76,2,0,0,NULL
avikalpg/avikalpg.github.io,1,0,2,0,0,Roff
justinshenk/gitcommit,0,0,2,0,0,JavaScript
AnirudhDagar/gh-tracker,15,0,2,0,2,JavaScript
jgthms/bulma-versions,7,4,2,12,0,HTML
mattgallagher/CwlPreconditionTesting,157,39,2,0,7,Swift
jhonsnow456/Flutter-Apps-Project,5,0,2,0,0,Dart
avikalpg/github-profile,2,1,2,1,0,NULL
mattgallagher/CwlDemangle,112,25,2,1,6,Swift
ducc/ducclang,0,1,2,1,0,JavaScript
gabrielfalcao/couleur,41,3,2,1,2,Python
mattgallagher/CwlUtils,581,65,2,1,9,Swift
dylanbeattie/Confocal,0,0,2,0,0,CSS
carloscuesta/carloscuesta.me,39,7,2,0,7,JavaScript
marcel-dempers/cpu-performance-analysis,22,22,2,1,0,Shell
carloscuesta/starterkit,88,13,2,0,3,JavaScript
trailofbits/appjaillauncher-rs,97,14,2,0,4,Rust
priyanshumaitra/ccp-assignments,0,0,2,0,0,C++
IonicaBizau/animato.js,5,0,2,1,0,JavaScript
Vectorized/Solidity-Code-Reviews,1,0,1,3,0,NULL
ali123321123/Kids-Math-App,2,0,1,0,0,Java
Vectorized/VoxNet-Tensorflow,10,7,1,0,0,Python
codophobia/Multi-Client-Server-Chat,14,17,1,0,0,C
K-avin/movie-streaming-app,0,0,1,0,0,NULL
vivekweb2013/commandhunt,9,1,1,0,3,Java
sayakpaul/Breast-Cancer-Detection-using-Deep-Learning,28,24,1,0,0,Jupyter Notebook
MrTwinkleSharma/eCommerce,0,0,1,0,0,JavaScript
Vectorized/Python-KD-Tree,105,26,1,0,0,Python
lynxerzhang/AS3Util,3,1,1,0,0,ActionScript
Priyansh19077/ColorSwtichClone,5,3,1,0,2,Java
beatak/each_html_char-js,0,0,1,0,0,JavaScript
stemount/community,0,0,1,0,0,NULL
loveBabbar/ProgressTracker,10,2,1,0,0,Java
ducc/egg,14,0,1,0,0,Go
ducc/a2-coursework,0,0,1,0,0,JavaScript
siddhi-244/Embellish,39,99,1,0,55,HTML
hpaez/problemas-competencias,0,1,1,0,0,Java
Anuj-Kumar-Sharma/Rubiks_cube_Solver,26,8,1,0,0,Java
Anuj-Kumar-Sharma/GitLearningRepo,10,4,1,0,0,Python
Anuj-Kumar-Sharma/First-Contribution,17,0,1,567,4,NULL
Anuj-Kumar-Sharma/Firebook,30,29,1,3,0,Java
Anuj-Kumar-Sharma/Dad-Jokes-Chrome-Extension,29,26,1,0,0,HTML
iliyass-zamouri/flutter_agenda,3,2,1,0,0,Dart
oliveeyay/EtherTracker,4,0,1,0,0,Kotlin
ljharb/call-bind,5,3,1,0,0,JavaScript
ljharb/big-integer-min,2,2,1,0,0,JavaScript
ljharb/big-integer-max,3,0,1,0,2,JavaScript
ljharb/actions,7,0,1,0,0,JavaScript
kerrishotts/cordova-template-webpack-ts-scss,4,1,1,0,0,JavaScript
kerrishotts/cordova-template-webpack-babel-scss,6,0,1,0,0,JavaScript
kerrishotts/cordova-keyboard-example,15,0,1,0,0,CSS
YashKandalkar/Collabora,3,1,1,0,0,JavaScript
nikhilkumarsingh/glitch-test,1,6,1,0,0,Shell
nikhilkumarsingh/discovering-hidden-apis,7,11,1,0,0,Jupyter Notebook
nikhilkumarsingh/clix,15,34,1,0,3,Python
nikhilkumarsingh/async-http-requests-tut,38,25,1,1,0,Python
vicky002/CodeChef-API,6,0,1,0,0,Python
vicky002/charmander,7,0,1,0,2,Python
RamyaChinnadurai/intro-react,1,0,1,0,5,JavaScript
felangel/codemagic_bloc_unit_tests,12,15,1,0,0,Dart
felangel/bloc_todos,6,6,1,1,0,Dart
Anuj-Kumar-Sharma/Meme-Share,32,35,1,4,0,Kotlin
QAInsights/.new-shortcuts-domain-list,7,2,1,1,0,NULL
kunal-kushwaha/16JanGitWorkshop,0,0,1,0,0,NULL
QAInsights/Academy-Discussions,1,0,1,0,0,NULL
cblecker/cluster-api-provider-jira,5,0,1,0,0,Go
vaananart/codeql-uboot,0,0,1,0,2,CodeQL
rupa/j2,240,23,1,2,2,Python
rupa/cuecat,25,3,1,2,2,JavaScript
mscoutermarsh/AddEvent-Ruby,5,0,1,0,0,Ruby
ForrestPi/deepfakeDetection,0,0,1,0,0,Python
feross/chunk-store-stream,24,8,1,2,5,JavaScript
feross/chrome-net,131,26,1,0,12,JavaScript
feross/capture-frame,112,10,1,0,2,JavaScript
feross/blob-to-buffer,68,12,1,1,5,JavaScript
studiomohawk/js-testing-boilerplates,12,14,1,0,0,JavaScript
studiomohawk/jekyll-theme-the_minimum,42,10,1,1,0,Ruby
studiomohawk/FiveCast,3,0,1,0,0,Shell
IonicaBizau/asciify-pixel,3,0,1,0,0,JavaScript
IonicaBizau/ama,17,3,1,0,3,NULL
droy312/droy-hacktoberfest2020,1,2,1,2,2,C++
droy312/cpp_code2,1,4,1,1,4,C++
gunnarmorling/awesome-opensource-data-engineering,790,144,1,1,20,NULL
Luis-Miguel1/github-slideshow,0,0,1,0,8,Ruby
amacgregor/epub_parser,0,0,1,0,0,Elixir
amacgregor/crimson_commerce,72,11,1,31,3,Elixir
amacgregor/allanmacgregor,0,0,1,1,4,JavaScript
SauravMukherjee44/Portfolio-Saurav-Mukherjee,37,18,1,0,2,CSS
Errichto/convex-hull-of-dynamic-set,10,7,1,0,0,C++
shradha-khapra/software-product-sprint-2020,8,1,1,8,16,Java
manjurulhoque/android-scheduler,5,2,1,0,0,Java
PoojaB26/AwesomeFlutterPlaylist,339,110,1,0,3,NULL
Pavel401/LogIn-UI,0,0,1,0,2,Dart
shubhamkarande13/1stRepo,0,0,1,0,0,HTML
robertsdionne/neural-network-papers,0,377,1,0,2,JavaScript
Swayms-stack/Python-Programs,2,1,1,0,2,Jupyter Notebook
ayan2809/Go-Back-N-ARQ-,5,3,1,0,0,Python
avikalpg/POPL,37,13,1,0,3,Oz
yessine-agrebi/Interactive-pricing-compnent,1,0,1,0,0,CSS
danger-ahead/flutter_dictionary,5,0,1,0,2,Dart
danger-ahead/flutter_dev_folio,24,8,1,1,2,Dart
savannahar68/Firefox-Assistant-Anna-,0,0,1,0,0,JavaScript
ethereum/cable,30,15,1,1,2,CMake
ethereum/asyncio-cancel-token,9,7,1,0,5,Python
Daniel-Bessa/NavMenu,0,0,1,0,0,NULL
davglass/builder,3,57,1,0,0,JavaScript
dwij2812/Grain-Monitoring-System-Using-LoRaWAN-Webapp,1,0,1,0,2,HTML
dwij2812/Accord-Checkout,0,0,1,10,3,HTML
arogozhnikov/3d_nn,166,34,1,0,0,JavaScript
hiranmayee98/github-slideshow,0,0,1,3,8,Ruby
0zul/canvamoji,2,0,1,1,0,JavaScript
codingkush/github-upload,0,0,1,0,0,NULL
MrToph/eos-pay-for-user-cpu-example,10,8,1,4,0,TypeScript
D3xter1922/FirstReactWebApp,0,1,1,0,0,JavaScript
manjurulhoque/angular-task,0,0,1,20,2,HTML
lmorchard/arboretum,1,1,1,0,0,JavaScript
asweigart/asciiartjsondb,7,0,1,0,0,Python
shradha-khapra/Apni-Kaksha-Demo-Tasks,7,21,1,9,3,NULL
ralexstokes/cargo-template,0,0,1,0,0,Rust
shradha-khapra/ApnaCollege-Java,60,35,1,0,0,Java
btholt/complete-intro-to-realtime,62,25,1,4,3,JavaScript
btholt/complete-intro-to-linux-and-the-cli,303,93,1,27,9,JavaScript
btholt/complete-intro-to-databases,147,55,1,11,10,JavaScript
btholt/btholt.github.io,7,10,1,1,0,CSS
RonLek/C-AWARE,1,0,1,0,0,Python
RonLek/Alive,2,0,1,0,0,C++
WhiteHouse/mobile-policy,3,8,1,1,0,CSS
WhiteHouse/choropleth_dataset,3,11,1,2,4,JavaScript
douglascrockford/TDOP,146,32,1,0,2,HTML
douglascrockford/Programma,99,15,1,0,0,NULL
douglascrockford/JSON-js,0,0,1,3,0,JavaScript
douglascrockford/JSON-c,104,33,1,0,0,C
douglascrockford/fash,29,6,1,0,0,Assembly
AnmolTomer/ejs_projects,2,0,1,14,2,JavaScript
Mitesh411/hello-github-actions,0,0,1,0,3,Dockerfile
Mitesh411/apache-jmeter,0,0,1,0,0,NULL
jhonsnow456/Tkinter-Collections,0,0,1,0,0,Python
jhonsnow456/ML-Algorithms,2,5,1,0,0,Jupyter Notebook
jhonsnow456/CLI-RPG-Game,0,0,1,0,0,Python
jhonsnow456/Blog-App,0,0,1,0,0,JavaScript
LiveOverflow/lo_nintendoswitch,196,26,1,1,0,HTML
LiveOverflow/CTFnotes,5,1,1,0,0,NULL
sayakpaul/Benchmarking-and-MLI-experiments-on-the-Adult-dataset,35,12,1,0,0,Jupyter Notebook
smaranjitghose/ArtCV,47,36,1,1,12,Jupyter Notebook
localstack/localstack-packaged-cli,2,0,1,0,0,Makefile
tobie/async-it,6,1,1,0,2,JavaScript
taniarascia/chip8,363,37,1,1,4,JavaScript
taniarascia/memory,96,37,1,1,5,JavaScript
taniarascia/node-api-postgres,85,52,1,2,3,JavaScript
taniarascia/pdo,216,183,1,0,2,PHP
iamakshat01/e-gurukul,0,2,1,0,3,JavaScript
iamakshat01/markdown-portfolio,0,0,1,0,4,NULL
aviaryan/Ahk-CI-Example,14,1,1,1,0,AutoHotkey
aviaryan/alfred-clc,16,1,1,1,0,Shell
aviaryan/alfred-last2imgur,14,1,1,1,2,Shell
aviaryan/chattt,248,20,1,0,0,JavaScript
aviaryan/CloseFolder,9,2,1,0,0,Python
nikita9604/Blogging-Website-using-Flask,2,3,1,0,0,HTML
PremChapagain/premchapagain,39,9,1,2,0,NULL
AYIDouble/Binary-Calculator-Android-Java-App,15,5,1,1,3,Java
AYIDouble/Brainfuck-Interpreter-Node.js,10,0,1,0,2,JavaScript
Shreeshrii/tessdata_ocrb,56,12,1,0,0,Shell
Shreeshrii/tessdata_emoji,6,1,1,0,0,Shell
Shreeshrii/tessdata_arabic,22,5,1,0,0,Shell
skpandey885/HealhUb,19,36,1,0,23,HTML
lmgonzalves/jelly,111,32,1,0,2,JavaScript
lmgonzalves/letters,57,8,1,0,2,JavaScript
lmgonzalves/lmgonzalves.github.io,3,0,1,0,0,CSS
ankushKun/ankushKun,4,8,1,0,2,NULL
yashrajkakkad/AUtomate,5,2,1,1,3,Python
skpandey885/Flipkart-UI-Clone,0,0,1,0,0,HTML
jasineri/jasineri,28,37,1,0,0,NULL
Shreeshrii/tess5training-rajarajan,1,0,1,0,0,Shell
jasineri/useful-commands,22,2,1,0,2,NULL
andreyscott/banner,1,0,1,0,0,HTML
aldriguz/dotnet-training,1,0,1,0,0,C#
aldriguz/SampleMVC,1,0,1,0,0,C#
ArefMq/action-recognition-via-snn,16,4,1,0,0,Python
ArefMq/SPLCommunicationTester,2,3,1,0,0,C++
AYIDouble/Decentralized-World-Wide-Web-ERC-721,13,5,1,1,2,Solidity
AYIDouble/IOTA-Arbitrage,13,6,1,0,2,JavaScript
kdeldycke/awesome-falsehood,0,469,1,1,32,NULL
byt3bl33d3r/BeEF-API,75,23,1,1,0,Python
newwebash/cat-clicker,0,0,1,0,0,JavaScript
newwebash/fcc-product-landing-page,0,0,1,0,0,HTML
newwebash/fcc-tribute-page,0,0,1,0,0,HTML
newwebash/portfolio-boilerplate,0,0,1,0,0,NULL
shreyassai123/NFT-Wallet,26,3,1,0,0,Swift
Hritik14/BashServerClient,1,1,1,0,0,Shell
byt3bl33d3r/CME-PowerShell-Scripts,41,30,1,1,0,PowerShell
Clueless-Community/collegeAPI,11,1,1,0,0,Python
byt3bl33d3r/DHCPShock,81,31,1,1,0,Python
byt3bl33d3r/hookme,12,5,1,0,0,C#
xchanmolx/E-CommerceApp,49,2,1,0,0,C#
EddieHubCommunity/gh-action-open-source-labels,16,18,1,0,10,NULL
EddieHubCommunity/LiveStream-GitOps-Demo,9,2,1,0,2,JavaScript
shreyashankar/datatracker,5,0,1,0,0,Python
masterpranay1/form-validator,0,0,1,0,0,JavaScript
DeepGautamFullStack/Integrating-Chart-Js-in-Angular-7,16,8,1,0,0,TypeScript
unnat404/eCommerce,2,0,1,0,0,JavaScript
adil-Pathan/github-slideshow,0,0,1,0,8,Ruby
unnat404/My-DSA-Handbook,3,1,1,0,0,C++
benawad/apollo-link-state-tutorial,27,9,1,0,0,TypeScript
benawad/benawad.com,106,34,1,2,3,JavaScript
benawad/cra-redux-saga,75,41,1,0,0,JavaScript
SpaceLeft/Lavalink,1,0,1,2,2,Shell
jdrago999/AWS-S3,14,6,1,0,5,Perl
iamrajiv/helloworld-grpc-gateway,21,14,1,0,0,Go
sagesharp/code-of-conduct-template,12,9,1,0,8,NULL
openfoodfacts/.github,0,2,1,1,3,NULL
openfoodfacts/bio-codes,0,1,1,0,0,NULL
openfoodfacts/egg-codes,1,1,1,0,0,NULL
openfoodfacts/fastlane-descriptions,0,0,1,2,3,JavaScript
openfoodfacts/impactestimator,3,1,1,4,5,Python
hellofuddin/github-slideshow,0,0,1,0,2,HTML
lmgonzalves/elastic-range-input,34,7,1,0,0,CSS
mattgallagher/CwlWhitespace,26,1,1,0,0,Swift
shazow/colorlib,16,0,1,0,0,JavaScript
mattgallagher/CwlViews,166,6,1,0,3,Swift
saniya44/github-slideshow,0,0,1,3,8,Ruby
lengstrom/blog,1,0,1,0,0,HTML
lengstrom/Dangerous-Chef-Pioneer,5,605,1,0,0,JavaScript
cyborgboy/intro-to-semgrep,0,0,1,1,2,TypeScript
PragneshRamani/Coursera--Using-Databases-with-Python,24,60,1,2,0,JavaScript
iamshaunjp/bootstrap-4-playlist,66,90,1,2,0,NULL
iamshaunjp/complete-mongodb,47,9,1,1,0,NULL
iamshaunjp/firestore-pagination-tutorial,19,16,1,0,0,NULL
justinshenk/deepemotion,12,7,1,0,2,JavaScript
lukefire5156/REMOTE-EDUCATION-APP---EMAGISTER,6,1,1,0,0,Java
siddhi-244/Embellish,39,99,1,0,55,HTML
vasu-1/GithubBotApp,6,1,1,0,0,Python
carloscuesta/n26-github-actions-demo,1,0,1,0,0,JavaScript
aloisdeniel/dart-opencage-geocoder,7,4,1,1,3,Dart
aloisdeniel/feature_flags,18,1,1,1,0,Dart
Anurag5086/chatify,0,1,1,0,3,JavaScript
JDevlieghere/InTeXration,18,4,1,0,0,Python
KrauseFx/engagement-enhancer,3,0,1,0,0,NULL
artkirienko/int-flip,0,0,1,0,0,C
vasu-1/GithubBotApp,6,1,1,0,0,Python
carloscuesta/n26-github-actions-demo,1,0,1,0,0,JavaScript
aloisdeniel/dart-opencage-geocoder,7,4,1,1,3,Dart
aloisdeniel/feature_flags,18,1,1,1,0,Dart
antoniaandreou/github-slideshow,0,0,1,0,8,HTML
artkirienko/hlds-docker-dproto,19,2,1,0,0,Pawn
artkirienko/int-null-even,0,0,1,1,0,C
KrauseFx/dotfiles,84,7,1,1,0,Shell
divyamagwl/Depocalypse,14,5,1,0,4,JavaScript
ritwickdey/Cake-Shop,44,40,1,1,0,C#
ritwickdey/expensify-app,4,3,1,0,0,JavaScript
stong/infosec-resources,799,72,1,0,3,NULL
KrauseFx/certs,7,0,1,0,0,NULL
KrauseFx/doesitrain.today,5,2,1,1,0,Ruby
antoniaandreou/github-slideshow,0,0,1,0,8,HTML
artkirienko/hlds-docker-dproto,19,2,1,0,0,Pawn
artkirienko/int-flip,0,0,1,0,0,C
meenal21/meenal-jain,1,0,1,0,0,CSS
justinshenk/deepemotion,12,7,1,0,2,JavaScript
lukefire5156/REMOTE-EDUCATION-APP---EMAGISTER,6,1,1,0,0,Java
ashryanbeats/favicon-export-for-xd,2,0,1,0,1,JavaScript
blackstorm0514/Moonsama-ERC1155-Subsquid,0,1,1,0,0,TypeScript
blackstorm0514/opencart_bizzsite,8,0,1,0,0,PHP
meenal21/markdown-portfolio,0,0,1,0,2,NULL
Justin77777/github-slideshow,0,0,1,0,8,HTML
iamshaunjp/complete-mongodb,47,9,1,1,0,NULL
5cientist/5cientist,2,0,1,0,0,NULL
aka-jain/Github-Search,0,0,1,0,0,JavaScript
vitasha10/vkbot,6,1,1,0,0,PHP
jigar-sable/flipkart-mern,91,49,1,0,0,JavaScript
mattgallagher/Clocks,102,9,1,0,0,Swift
mattgallagher/CwlFeedReader,29,2,1,0,0,Swift
iamshaunjp/firestore-pagination-tutorial,19,16,1,0,0,NULL
iamshaunjp/bootstrap-4-playlist,66,90,1,2,0,NULL
artkirienko/int-null-even,0,0,1,1,0,C
KrauseFx/dotfiles,84,7,1,1,0,Shell
divyamagwl/Depocalypse,14,5,1,0,4,JavaScript
ritwickdey/Cake-Shop,44,40,1,1,0,C#
ritwickdey/expensify-app,4,3,1,0,0,JavaScript
stong/infosec-resources,799,72,1,0,3,NULL
KrauseFx/certs,7,0,1,0,0,NULL
KrauseFx/doesitrain.today,5,2,1,1,0,Ruby
KrauseFx/engagement-enhancer,3,0,1,0,0,NULL
PragneshRamani/Coursera--Using-Databases-with-Python,24,60,1,2,0,JavaScript
JDevlieghere/InTeXration,18,4,1,0,0,Python
Anurag5086/chatify,0,1,1,0,3,JavaScript
saniya44/github-slideshow,0,0,1,3,8,Ruby
lengstrom/blog,1,0,1,0,0,HTML
lengstrom/Dangerous-Chef-Pioneer,5,605,1,0,0,JavaScript
cyborgboy/intro-to-semgrep,0,0,1,1,2,TypeScript
shazow/colorblendy,22,1,1,0,3,JavaScript
shazow/communal,43,2,1,0,2,Go
localstack/ci-plugin-circleci,3,0,1,0,3,Makefile
AshAman999/Link-Shortner,0,0,1,0,0,JavaScript
bradtraversy/breaking-bad-cast,225,150,1,2,6,JavaScript
bradtraversy/breakout_desktop_nw,83,27,1,8,0,JavaScript
saurabhdaware/abell-source-devto,0,0,1,3,2,JavaScript
saurabhdaware/blep,14,1,1,0,0,JavaScript
saurabhdaware/import-ls,9,0,1,0,0,JavaScript
EstrelaE/quadras-dos-santos,0,0,1,0,0,JavaScript
goforbg/ClickableMapView,36,8,1,1,2,Kotlin
lucianmarin/instanote,17,2,1,0,0,PHP
lucianmarin/logparser,137,2,1,0,0,Python
lucianmarin/pressdown,2,0,1,1,0,PHP
lucianmarin/pybench,6,1,1,1,0,Python
lucianmarin/wp-journalist,6,2,1,0,2,PHP
brettkromkamp/knowledge-graph-experiments,1,0,1,0,0,Python
brettkromkamp/typed-tree,14,1,1,0,2,Python
Dashon-Hawkins/calculator-app,0,0,1,7,0,JavaScript
bradtraversy/brainjs_examples,105,58,1,0,3,JavaScript
bradtraversy/bootstrap-bootcamp-website,321,318,1,2,0,HTML
bradtraversy/bootsassy,6,3,1,0,0,JavaScript
AnkushMalaker/pretrained-dcnn-attention-ser,4,0,1,0,0,Python
rchtgpt/certifyed,2,0,1,0,2,Python
themaaz32/audio_playere_tet,17,13,1,0,0,Dart
themaaz32/design_clone,38,32,1,0,0,Dart
GmGniap/MOHS_Scraper,0,0,1,0,0,Python
Debajyoti14/Meal-App,0,0,1,0,0,Dart
AnkushMalaker/HUSE,14,2,1,0,0,Python
jakearchibald/aac-decode-bug,0,2,1,0,0,HTML
bradtraversy/bizlight_theme,43,18,1,0,0,CSS
jakearchibald/accept-encoding-range-test,2,2,1,1,0,JavaScript
jakearchibald/appcache-demo,240,44,1,0,0,Python
jakearchibald/async-waituntil-polyfill,31,4,1,0,0,JavaScript
securearth/backman,3,0,1,0,4,Python
bradtraversy/a4app,82,52,1,1,2,TypeScript
bradtraversy/angular-crash-todolist,224,232,1,1,2,TypeScript
hrushikesh-git/foodDom,0,0,1,5,0,JavaScript
itaditya/AM-admin-panel,0,0,1,1,0,HTML
itaditya/AR-shopping,2,5,1,0,2,HTML
trailofbits/btfparse,5,1,1,0,3,C++
RivaanRanawat/flutter-multiplayer-tictactoe,13,9,1,0,0,Dart
education/autograding-example-c,7,17,1,0,0,Shell
education/autograding-example-cpp,7,9,1,1,0,C++
education/autograding-example-java,21,59,1,1,0,Java
education/autograding-example-python,31,86,1,3,0,Python
trailofbits/brew-pip-audit,0,0,1,0,2,Ruby
trailofbits/cfg-showcase,38,12,1,0,2,C++
Rivuozil/github-slideshow,0,0,1,0,8,HTML
jamesbachini/satoshisearch,0,2,1,0,2,JavaScript
Raz0r/codeql-uboot,0,0,1,0,2,CodeQL
AnirudhDagar/comments,0,0,1,0,0,NULL
localstack/.github,3,2,1,0,2,NULL
localstack/amplify-js-local,16,1,1,0,2,JavaScript
localstack/chalice-local,17,2,1,0,0,Python
RivaanRanawat/cuadro,8,7,1,0,0,Dart
eddiejaoude/BattleSnake,1,0,1,0,0,Gherkin
PranamBhat/Angular-Ivy-Compiler,0,1,1,0,2,TypeScript
devongovett/apple-color-emoji,54,11,1,2,4,JavaScript
kaushik-rishi/codemirror-record,0,0,1,0,2,JavaScript
kaushik-rishi/procmon,1,0,1,0,0,JavaScript
vaibhavdes/LearnDesignPatterns,0,0,1,0,0,NULL
ifnotak/Strenua,0,0,1,0,0,JavaScript
idvoretskyi/community-tools,0,0,1,0,0,CSS
DevGupta-ikr/github-slideshow,0,0,1,0,8,Ruby
devongovett/babel-plugin-transform-async-super,4,1,1,0,0,JavaScript
Ipseeta/JavaPractice,0,0,1,0,0,Java
devongovett/babel-plugin-transform-glob-import,5,4,1,3,0,JavaScript
devongovett/bmp.js,14,3,1,0,0,CoffeeScript
devongovett/bundler-algorithm,28,2,1,0,0,Rust
benfoxall/code-along,0,1,1,0,0,JavaScript
anuraghazra/CanvasFun,141,30,1,1,0,JavaScript
Ipseeta/CRUD-SpringMVC-Mongo-API,2,0,1,0,0,HTML
prtamil/cstl,0,0,1,0,2,C
AshAman999/FUNZONE,2,1,1,0,2,Dart
curiousily/burglar-alarm-system-with-tensorflow-js-and-react,1,0,1,0,0,JavaScript
AshAman999/FlutterFestival,0,1,1,0,0,NULL
StErMi/forge-damn-vulnerable-defi,12,1,1,0,0,Solidity
adrianhajdin/project_gif_app,23,8,1,0,0,CSS
jishanshaikh4/cpp-building,16,0,1,0,0,QMake
jishanshaikh4/CSE-215-Computer-Graphics-Programs,16,1,1,0,0,C
jishanshaikh4/CSE-217-Data-Structures-Laboratory,23,3,1,0,2,C++
jishanshaikh4/CSE-315-Compiler-Design-Laboratory,16,0,1,0,0,C
jishanshaikh4/CSE-317-Operating-Systems-Laboratory,16,2,1,0,0,C++
jishanshaikh4/cuda-programs,14,0,1,1,0,Cuda
SOUMEE2000/Goodreads-Book-Finder-Getting-Started-Project-,3,2,1,0,0,HTML
Novusvetus/AutoGitIgnore,6,0,1,2,2,PHP
Novusvetus/ClassHelper,5,0,1,2,2,PHP
Novusvetus/StreamersMQTT,2,0,1,0,0,NULL
mrdbourke/food-not-food,45,9,1,0,2,Jupyter Notebook
ahmedEid1/E-Learning-Platform,11,11,1,0,0,JavaScript
thrau/my-action-tests,1,0,1,0,3,Python
taranjeet/hindi-news-classifier,0,0,1,0,0,Python
taranjeet/django-library-app,49,28,1,0,0,Python
taranjeet/awesome-paid-resources-free-during-covid19,21,1,1,0,0,NULL
cheeaun/3d-touch-canvas,59,4,1,0,2,HTML
curiousily/dissertation,4,3,1,0,2,Jupyter Notebook
google/aarch64-paging,6,2,1,0,3,Rust
google/across,12,6,1,3,4,HTML
google/adcase,4,6,1,0,0,Python
xoreaxeaxeax/sinkhole,823,102,1,3,0,Assembly
gylidian/DataStructure_Review,27,9,1,0,0,NULL
karar189/github-pages-with-jekyll,0,0,1,0,4,NULL
offensive-security/wireless-patches,27,17,1,0,0,NULL
RioChndr/algorithm_challenge,0,1,1,0,2,PHP
AneleMbabela/github-slideshow,0,0,1,0,8,HTML
offensive-security/gcc-arm-linux-gnueabihf-4.7,30,44,1,0,0,NULL
offensive-security/kali-linux-docker-rolling,33,15,1,1,0,NULL
offensive-security/kali-linux-recipes,466,206,1,1,0,NULL
offensive-security/Kali-WSL-chroot,40,17,1,1,2,NULL
joelparkerhenderson/architecture-decision-record,0,0,1,0,26,NULL
joelparkerhenderson/brewfile,104,24,1,0,0,Ruby
simonw/asgi-log-to-sqlite,6,0,1,0,0,Python
dheerajkotwani/CineWatch,27,8,1,0,0,Kotlin
sefakozan/turkce-iptv,48,10,1,1,0,NULL
tapaswenipathak/API-list,0,0,1,0,2,Python
antonmedv/chat,54,17,1,0,0,JavaScript
antonmedv/kot,7,0,1,0,0,JavaScript
gasteigerjo/gdc,156,26,1,0,2,Python
mager/cafebean-api,0,0,1,0,0,Go
wsvincent/django-auth-tutorial,218,97,1,1,2,Python
MannyP31/Dev-folio-1,5,1,1,0,3,HTML
wsvincent/django-rest-framework-react-tutorial,68,25,1,1,0,Python
RakeshSeervi/congenial-spoon,0,7,1,0,6,CSS
patraanjan23/abstractform,0,1,1,0,2,SCSS
emersonsoares/CakePHP-Dinamic-Select-Box,5,3,1,0,0,PHP
mikenikles/deno-sapper-cloud-run,7,1,1,8,0,JavaScript
mikenikles/gitpod-minimal-custom-dockerfile,3,1,1,1,0,NULL
sreehari2003/Netflix-clone-React,0,0,1,0,0,JavaScript
zfogg/dotfiles,13,0,1,0,0,Shell
ck37/coral-ordinal,48,17,1,0,3,Python
gabrielfalcao/bolacha,17,5,1,0,2,Python
markwylde/assert-plan,0,0,1,0,1,JavaScript
PawanKolhe/calc-2000-web-app,0,0,1,0,0,JavaScript
MariaEduardaDeAzevedo/celare,3,0,1,0,0,Python
MariaEduardaDeAzevedo/header,2,0,1,0,0,Python
MariaEduardaDeAzevedo/nosso-py,52,19,1,2,18,Python
varunKT001/git-github-hIQ-fork,1,1,1,0,2,NULL
defuse/dnsfs,33,5,1,0,0,Ruby
zfogg/ascii-chat,158,8,1,0,3,C
defuse/email-spoofing,39,22,1,0,0,Ruby
marcel-dempers/k8s-build-your-own,3,13,1,0,2,Shell
Tyriar/canvas-astar.dart,2,1,1,0,0,Dart
ankitkumar70777/github-slideshow,0,0,1,0,8,HTML
aitikgupta/interactive_cpu_scheduler,0,5,1,1,7,Python
gwmccubbin/voting_dapp,11,5,1,0,0,JavaScript
gamemann/All_PropHealth,4,3,1,0,0,SourcePawn
